step,t_frame,t_force_calc,t_explode_force_alloc,t_force_apply,t_run_step,t_update_frames,t_explosion_check,t_save, alloc, reserved
0,0.0000,1.7408,0.0000,0.0016,0.0002,0.0012,0.0018,None, 27.8144, 2902.458368
1000,0.0000,0.0681,0.0000,0.0015,0.0000,0.0009,0.0004,None, 27.8144, 2902.458368
2000,0.0000,0.0688,0.0000,0.0015,0.0000,0.0008,0.0004,None, 27.8144, 2902.458368
3000,0.0000,0.0683,0.0000,0.0015,0.0000,0.0008,0.0004,None, 27.8144, 2902.458368
4000,0.0000,0.0696,0.0000,0.0015,0.0000,0.0008,0.0004,None, 27.8144, 2902.458368
5000,0.0000,0.0664,0.0000,0.0015,0.0000,0.0008,0.0004,None, 27.8144, 2902.458368
6000,0.0000,0.0685,0.0000,0.0015,0.0000,0.0008,0.0004,None, 27.8144, 2902.458368
7000,0.0000,0.0672,0.0000,0.0015,0.0001,0.0010,0.0004,None, 27.8144, 2902.458368
8000,0.0000,0.0689,0.0000,0.0015,0.0000,0.0010,0.0004,None, 27.8144, 2902.458368
9000,0.0000,0.0654,0.0000,0.0015,0.0000,0.0008,0.0004,None, 27.8144, 2902.458368
10000,0.0000,0.0641,0.0000,0.0015,0.0000,0.0008,0.0004,None, 27.8144, 2902.458368
11000,0.0000,0.0673,0.0000,0.0015,0.0000,0.0008,0.0004,None, 27.8144, 2902.458368
12000,0.0000,0.0631,0.0000,0.0015,0.0000,0.0008,0.0004,None, 27.8144, 2902.458368
13000,0.0000,0.0635,0.0000,0.0015,0.0000,0.0009,0.0004,None, 27.8144, 2902.458368
14000,0.0000,0.0655,0.0000,0.0015,0.0000,0.0011,0.0004,None, 27.8144, 2902.458368
15000,0.0000,0.0627,0.0000,0.0015,0.0000,0.0008,0.0004,None, 27.8144, 2902.458368
16000,0.0000,0.0631,0.0000,0.0015,0.0000,0.0009,0.0004,None, 27.8144, 2902.458368
17000,0.0000,0.0632,0.0000,0.0015,0.0000,0.0008,0.0004,None, 27.8144, 2902.458368
18000,0.0000,0.0638,0.0000,0.0015,0.0000,0.0010,0.0004,None, 27.8144, 2902.458368
19000,0.0000,0.0625,0.0000,0.0016,0.0000,0.0008,0.0004,None, 27.8144, 2902.458368
20000,0.0000,0.0637,0.0000,0.0015,0.0000,0.0009,0.0004,None, 27.8144, 2902.458368
21000,0.0000,0.0627,0.0000,0.0015,0.0000,0.0008,0.0004,None, 27.8144, 2902.458368
22000,0.0000,0.0658,0.0000,0.0015,0.0000,0.0009,0.0004,None, 27.8144, 2902.458368
23000,0.0000,0.0676,0.0000,0.0015,0.0000,0.0008,0.0004,None, 27.8144, 2902.458368
24000,0.0000,0.0632,0.0000,0.0015,0.0000,0.0008,0.0004,None, 27.8144, 2902.458368
25000,0.0000,0.0645,0.0000,0.0015,0.0000,0.0008,0.0004,None, 27.8144, 2902.458368
26000,0.0000,0.0637,0.0000,0.0015,0.0000,0.0009,0.0004,None, 27.8144, 2902.458368
27000,0.0000,0.0621,0.0000,0.0015,0.0000,0.0008,0.0004,None, 27.8144, 2902.458368
28000,0.0000,0.0654,0.0000,0.0015,0.0000,0.0008,0.0004,None, 27.8144, 2902.458368
29000,0.0000,0.0625,0.0000,0.0015,0.0000,0.0009,0.0004,None, 27.8144, 2902.458368
30000,0.0000,0.0654,0.0000,0.0015,0.0000,0.0008,0.0005,None, 27.8144, 2902.458368
31000,0.0000,0.0626,0.0000,0.0015,0.0000,0.0008,0.0004,None, 27.8144, 2902.458368
32000,0.0000,0.0625,0.0000,0.0015,0.0000,0.0007,0.0004,None, 27.8144, 2902.458368
33000,0.0000,0.0662,0.0000,0.0015,0.0000,0.0008,0.0004,None, 27.8144, 2902.458368
34000,0.0000,0.0657,0.0000,0.0015,0.0000,0.0008,0.0004,None, 27.8144, 2902.458368
35000,0.0000,0.0629,0.0000,0.0015,0.0000,0.0008,0.0004,None, 27.8144, 2902.458368
36000,0.0000,0.0646,0.0000,0.0015,0.0000,0.0008,0.0004,None, 27.8144, 2902.458368
37000,0.0000,0.0661,0.0000,0.0015,0.0000,0.0008,0.0004,None, 27.8144, 2902.458368
38000,0.0000,0.0631,0.0000,0.0015,0.0000,0.0008,0.0004,None, 27.8144, 2902.458368
39000,0.0000,0.0654,0.0000,0.0015,0.0000,0.0008,0.0004,None, 27.8144, 2902.458368
40000,0.0000,0.0644,0.0000,0.0015,0.0000,0.0008,0.0004,None, 27.8144, 2902.458368
41000,0.0000,0.0649,0.0000,0.0015,0.0000,0.0008,0.0004,None, 27.8144, 2902.458368
42000,0.0000,0.0631,0.0000,0.0015,0.0000,0.0008,0.0004,None, 27.8144, 2902.458368
43000,0.0000,0.0633,0.0000,0.0015,0.0000,0.0008,0.0004,None, 27.8144, 2902.458368
44000,0.0000,0.0647,0.0000,0.0015,0.0000,0.0008,0.0004,None, 27.8144, 2902.458368
45000,0.0000,0.0634,0.0000,0.0015,0.0000,0.0009,0.0004,None, 27.8144, 2902.458368
46000,0.0000,0.0649,0.0000,0.0015,0.0000,0.0009,0.0004,None, 27.8144, 2902.458368
47000,0.0000,0.0666,0.0000,0.0015,0.0000,0.0008,0.0004,None, 27.8144, 2902.458368
48000,0.0000,0.0649,0.0000,0.0015,0.0000,0.0008,0.0004,None, 27.8144, 2902.458368
49000,0.0000,0.0650,0.0000,0.0015,0.0000,0.0008,0.0004,None, 27.8144, 2902.458368
50000,0.0000,0.0639,0.0000,0.0015,0.0000,0.0008,0.0004,None, 27.8144, 2902.458368
51000,0.0000,0.0641,0.0000,0.0015,0.0000,0.0008,0.0004,None, 27.8144, 2902.458368
52000,0.0000,0.0655,0.0000,0.0015,0.0000,0.0009,0.0004,None, 27.8144, 2902.458368
53000,0.0000,0.0647,0.0000,0.0015,0.0000,0.0010,0.0004,None, 27.8144, 2902.458368
54000,0.0000,0.0661,0.0000,0.0015,0.0000,0.0009,0.0004,None, 27.8144, 2902.458368
55000,0.0000,0.0661,0.0000,0.0015,0.0000,0.0008,0.0004,None, 27.8144, 2902.458368
56000,0.0000,0.0671,0.0000,0.0015,0.0000,0.0009,0.0004,None, 27.8144, 2902.458368
57000,0.0000,0.0652,0.0000,0.0015,0.0000,0.0008,0.0004,None, 27.8144, 2902.458368
58000,0.0000,0.0653,0.0000,0.0015,0.0000,0.0009,0.0004,None, 27.8144, 2902.458368
59000,0.0000,0.0667,0.0000,0.0015,0.0000,0.0009,0.0004,None, 27.8144, 2902.458368
60000,0.0000,0.0667,0.0000,0.0016,0.0000,0.0009,0.0004,None, 27.8144, 2902.458368
61000,0.0000,0.0670,0.0000,0.0015,0.0000,0.0008,0.0004,None, 27.8144, 2902.458368
62000,0.0000,0.0655,0.0000,0.0015,0.0000,0.0008,0.0004,None, 27.8144, 2902.458368
63000,0.0000,0.0656,0.0000,0.0015,0.0000,0.0008,0.0004,None, 27.8144, 2902.458368
64000,0.0000,0.0672,0.0000,0.0016,0.0000,0.0008,0.0004,None, 27.8144, 2902.458368
65000,0.0000,0.0658,0.0000,0.0015,0.0000,0.0008,0.0004,None, 27.8144, 2902.458368
66000,0.0000,0.0674,0.0000,0.0015,0.0000,0.0008,0.0004,None, 27.8144, 2902.458368
67000,0.0000,0.0697,0.0000,0.0015,0.0000,0.0009,0.0003,None, 27.8144, 2902.458368
68000,0.0000,0.0670,0.0000,0.0018,0.0000,0.0009,0.0004,None, 27.8144, 2902.458368
69000,0.0000,0.0666,0.0000,0.0016,0.0000,0.0008,0.0004,None, 27.8144, 2902.458368
70000,0.0000,0.0679,0.0000,0.0015,0.0000,0.0008,0.0004,None, 27.8144, 2902.458368
71000,0.0000,0.0680,0.0000,0.0015,0.0000,0.0008,0.0004,None, 27.8144, 2902.458368
72000,0.0000,0.0686,0.0000,0.0015,0.0000,0.0008,0.0004,None, 27.8144, 2902.458368
73000,0.0000,0.0673,0.0000,0.0015,0.0000,0.0009,0.0004,None, 27.8144, 2902.458368
74000,0.0000,0.0686,0.0000,0.0015,0.0000,0.0008,0.0004,None, 27.8144, 2902.458368
75000,0.0000,0.0670,0.0000,0.0015,0.0000,0.0008,0.0004,None, 27.8144, 2902.458368
76000,0.0000,0.0724,0.0000,0.0016,0.0000,0.0007,0.0004,None, 27.8144, 2902.458368
77000,0.0000,0.0667,0.0000,0.0015,0.0000,0.0008,0.0004,None, 27.8144, 2902.458368
78000,0.0000,0.0679,0.0000,0.0015,0.0000,0.0008,0.0004,None, 27.8144, 2902.458368
79000,0.0000,0.0696,0.0000,0.0015,0.0000,0.0008,0.0004,None, 27.8144, 2902.458368
80000,0.0000,0.0697,0.0000,0.0015,0.0000,0.0008,0.0004,None, 27.8144, 2902.458368
81000,0.0000,0.0664,0.0000,0.0015,0.0000,0.0009,0.0004,None, 27.8144, 2902.458368
82000,0.0000,0.0666,0.0000,0.0015,0.0000,0.0008,0.0004,None, 27.8144, 2902.458368
83000,0.0000,0.0666,0.0000,0.0015,0.0000,0.0008,0.0004,None, 27.8144, 2902.458368
84000,0.0000,0.0667,0.0000,0.0015,0.0000,0.0008,0.0004,None, 27.8144, 2902.458368
85000,0.0000,0.0679,0.0000,0.0015,0.0000,0.0008,0.0004,None, 27.8144, 2902.458368
86000,0.0000,0.0663,0.0000,0.0015,0.0000,0.0007,0.0004,None, 27.8144, 2902.458368
87000,0.0000,0.0727,0.0000,0.0015,0.0000,0.0009,0.0004,None, 27.8144, 2902.458368
88000,0.0000,0.0682,0.0000,0.0016,0.0000,0.0009,0.0004,None, 27.8144, 2902.458368
89000,0.0000,0.0677,0.0000,0.0015,0.0000,0.0009,0.0004,None, 27.8144, 2902.458368
90000,0.0000,0.0668,0.0000,0.0015,0.0000,0.0008,0.0004,None, 27.8144, 2902.458368
91000,0.0000,0.0683,0.0000,0.0015,0.0000,0.0008,0.0004,None, 27.8144, 2902.458368
92000,0.0000,0.0684,0.0000,0.0015,0.0000,0.0008,0.0004,None, 27.8144, 2902.458368
93000,0.0000,0.0683,0.0000,0.0015,0.0000,0.0010,0.0004,None, 27.8144, 2902.458368
94000,0.0000,0.0727,0.0000,0.0015,0.0000,0.0008,0.0004,None, 27.8144, 2902.458368
95000,0.0000,0.0668,0.0000,0.0015,0.0000,0.0008,0.0004,None, 27.8144, 2902.458368
96000,0.0000,0.0671,0.0000,0.0015,0.0000,0.0008,0.0004,None, 27.8144, 2902.458368
97000,0.0000,0.0684,0.0000,0.0015,0.0000,0.0008,0.0004,None, 27.8144, 2902.458368
98000,0.0000,0.0686,0.0000,0.0015,0.0000,0.0009,0.0004,None, 27.8144, 2902.458368
99000,0.0000,0.0685,0.0000,0.0015,0.0000,0.0008,0.0004,None, 27.8144, 2902.458368
100000,0.0000,0.0704,0.0000,0.0015,0.0000,0.0008,0.0004,None, 27.8144, 2902.458368
101000,0.0000,0.0671,0.0000,0.0015,0.0000,0.0008,0.0004,None, 27.8144, 2902.458368
102000,0.0000,0.0693,0.0000,0.0015,0.0000,0.0008,0.0004,None, 27.8144, 2902.458368
103000,0.0000,0.0686,0.0000,0.0015,0.0000,0.0009,0.0004,None, 27.8144, 2902.458368
104000,0.0000,0.0683,0.0000,0.0015,0.0000,0.0008,0.0004,None, 27.8144, 2902.458368
105000,0.0000,0.0668,0.0000,0.0015,0.0000,0.0009,0.0004,None, 27.8144, 2902.458368
106000,0.0000,0.0685,0.0000,0.0015,0.0000,0.0008,0.0004,None, 27.8144, 2902.458368
107000,0.0000,0.0671,0.0000,0.0015,0.0000,0.0008,0.0003,None, 27.8144, 2902.458368
108000,0.0000,0.0692,0.0000,0.0015,0.0000,0.0008,0.0004,None, 27.8144, 2902.458368
109000,0.0000,0.0669,0.0000,0.0015,0.0000,0.0010,0.0004,None, 27.8144, 2902.458368
110000,0.0000,0.0701,0.0000,0.0016,0.0000,0.0008,0.0004,None, 27.8144, 2902.458368
111000,0.0000,0.0695,0.0000,0.0015,0.0000,0.0011,0.0004,None, 27.8144, 2902.458368
112000,0.0000,0.0788,0.0000,0.0016,0.0001,0.0008,0.0004,None, 27.8144, 2902.458368
113000,0.0000,0.0727,0.0000,0.0016,0.0000,0.0015,0.0010,None, 27.8144, 2902.458368
114000,0.0000,0.0685,0.0000,0.0016,0.0000,0.0013,0.0003,None, 27.8144, 2902.458368
115000,0.0000,0.0707,0.0000,0.0016,0.0000,0.0010,0.0004,None, 27.8144, 2902.458368
116000,0.0000,0.0699,0.0000,0.0015,0.0000,0.0011,0.0004,None, 27.8144, 2902.458368
117000,0.0000,0.0876,0.0000,0.0016,0.0001,0.0009,0.0003,None, 27.8144, 2902.458368
118000,0.0000,0.0683,0.0000,0.0015,0.0000,0.0010,0.0004,None, 27.8144, 2902.458368
119000,0.0000,0.0688,0.0000,0.0015,0.0000,0.0009,0.0004,None, 27.8144, 2902.458368
120000,0.0000,0.0687,0.0000,0.0015,0.0000,0.0009,0.0004,None, 27.8144, 2902.458368
121000,0.0000,0.0713,0.0000,0.0015,0.0000,0.0008,0.0004,None, 27.8144, 2902.458368
122000,0.0000,0.0741,0.0000,0.0015,0.0000,0.0008,0.0003,None, 27.8144, 2902.458368
123000,0.0000,0.0688,0.0000,0.0015,0.0000,0.0008,0.0004,None, 27.8144, 2902.458368
124000,0.0000,0.0681,0.0000,0.0015,0.0000,0.0008,0.0003,None, 27.8144, 2902.458368
125000,0.0000,0.0693,0.0000,0.0015,0.0000,0.0008,0.0004,None, 27.8144, 2902.458368
126000,0.0000,0.0712,0.0000,0.0016,0.0000,0.0008,0.0003,None, 27.8144, 2902.458368
127000,0.0000,0.0713,0.0000,0.0016,0.0000,0.0009,0.0004,None, 27.8144, 2902.458368
128000,0.0000,0.0688,0.0000,0.0015,0.0000,0.0008,0.0004,None, 27.8144, 2902.458368
129000,0.0000,0.0689,0.0000,0.0015,0.0000,0.0009,0.0004,None, 27.8144, 2902.458368
130000,0.0000,0.0725,0.0000,0.0016,0.0000,0.0009,0.0004,None, 27.8144, 2902.458368
131000,0.0000,0.0731,0.0000,0.0015,0.0000,0.0008,0.0004,None, 27.8144, 2902.458368
132000,0.0000,0.0698,0.0000,0.0015,0.0000,0.0011,0.0003,None, 27.8144, 2902.458368
133000,0.0000,0.0717,0.0000,0.0015,0.0000,0.0009,0.0004,None, 27.8144, 2902.458368
134000,0.0000,0.0719,0.0000,0.0015,0.0000,0.0008,0.0003,None, 27.8144, 2902.458368
135000,0.0000,0.0720,0.0000,0.0015,0.0000,0.0009,0.0004,None, 27.8144, 2902.458368
136000,0.0000,0.0722,0.0000,0.0015,0.0000,0.0009,0.0004,None, 27.8144, 2902.458368
137000,0.0000,0.0726,0.0000,0.0016,0.0000,0.0009,0.0004,None, 27.8144, 2902.458368
138000,0.0000,0.0730,0.0000,0.0015,0.0000,0.0009,0.0003,None, 27.8144, 2902.458368
139000,0.0000,0.0851,0.0000,0.0016,0.0000,0.0008,0.0004,None, 27.8144, 2902.458368
140000,0.0000,0.0802,0.0000,0.0016,0.0000,0.0009,0.0004,None, 27.8144, 2902.458368
141000,0.0000,0.0799,0.0000,0.0016,0.0000,0.0009,0.0005,None, 27.8144, 2902.458368
142000,0.0000,0.0782,0.0000,0.0016,0.0000,0.0009,0.0004,None, 27.8144, 2902.458368
143000,0.0000,0.0804,0.0000,0.0016,0.0000,0.0009,0.0004,None, 27.8144, 2902.458368
144000,0.0000,0.0793,0.0000,0.0016,0.0001,0.0009,0.0004,None, 27.8144, 2902.458368
145000,0.0000,0.0803,0.0000,0.0016,0.0000,0.0009,0.0004,None, 27.8144, 2902.458368
146000,0.0000,0.0811,0.0000,0.0016,0.0000,0.0009,0.0004,None, 27.8144, 2902.458368
147000,0.0000,0.0805,0.0000,0.0016,0.0000,0.0009,0.0003,None, 27.8144, 2902.458368
148000,0.0000,0.0820,0.0000,0.0016,0.0000,0.0009,0.0003,None, 27.8144, 2902.458368
149000,0.0000,0.0826,0.0000,0.0016,0.0000,0.0009,0.0003,None, 27.8144, 2902.458368
150000,0.0000,0.0841,0.0000,0.0016,0.0000,0.0009,0.0003,None, 27.8144, 2902.458368
151000,0.0000,0.0861,0.0000,0.0016,0.0000,0.0009,0.0004,None, 27.8144, 2902.458368
152000,0.0000,0.0839,0.0000,0.0016,0.0000,0.0009,0.0003,None, 27.8144, 2902.458368
153000,0.0000,0.0849,0.0000,0.0016,0.0000,0.0010,0.0004,None, 27.8144, 2902.458368
154000,0.0000,0.0859,0.0000,0.0016,0.0000,0.0008,0.0003,None, 27.8144, 2902.458368
155000,0.0000,0.0854,0.0000,0.0016,0.0001,0.0009,0.0004,None, 27.8144, 2902.458368
156000,0.0000,0.0861,0.0000,0.0016,0.0000,0.0009,0.0003,None, 27.8144, 2902.458368
157000,0.0000,0.0885,0.0000,0.0018,0.0000,0.0011,0.0003,None, 27.8144, 2902.458368
158000,0.0000,0.0846,0.0000,0.0016,0.0000,0.0014,0.0004,None, 27.8144, 2902.458368
159000,0.0000,0.0849,0.0000,0.0016,0.0000,0.0009,0.0003,None, 27.8144, 2902.458368
160000,0.0000,0.0904,0.0000,0.0016,0.0000,0.0010,0.0003,None, 27.8144, 2902.458368
161000,0.0000,0.0890,0.0000,0.0016,0.0000,0.0010,0.0003,None, 27.8144, 2902.458368
162000,0.0000,0.0880,0.0000,0.0016,0.0000,0.0009,0.0004,None, 27.8144, 2902.458368
163000,0.0000,0.0967,0.0000,0.0016,0.0000,0.0009,0.0004,None, 27.8144, 2902.458368
164000,0.0000,0.0855,0.0000,0.0016,0.0000,0.0009,0.0004,None, 27.8144, 2902.458368
165000,0.0000,0.0883,0.0000,0.0016,0.0000,0.0009,0.0003,None, 27.8144, 2902.458368
166000,0.0000,0.0888,0.0000,0.0016,0.0000,0.0009,0.0003,None, 27.8144, 2902.458368
167000,0.0000,0.0878,0.0000,0.0016,0.0000,0.0010,0.0004,None, 27.8144, 2902.458368
168000,0.0000,0.0899,0.0000,0.0016,0.0000,0.0009,0.0004,None, 27.8144, 2902.458368
169000,0.0000,0.0887,0.0000,0.0016,0.0000,0.0011,0.0003,None, 27.8144, 2902.458368
170000,0.0000,0.0932,0.0000,0.0016,0.0000,0.0010,0.0004,None, 27.8144, 2902.458368
171000,0.0000,0.0937,0.0000,0.0016,0.0000,0.0010,0.0003,None, 27.8144, 2902.458368
172000,0.0000,0.0937,0.0000,0.0016,0.0000,0.0010,0.0004,None, 27.8144, 2902.458368
173000,0.0000,0.0931,0.0000,0.0016,0.0000,0.0009,0.0003,None, 27.8144, 2902.458368
174000,0.0000,0.0967,0.0000,0.0016,0.0000,0.0010,0.0003,None, 27.8144, 2902.458368
175000,0.0000,0.0878,0.0000,0.0016,0.0000,0.0010,0.0003,None, 27.8144, 2902.458368
176000,0.0000,0.0916,0.0000,0.0016,0.0000,0.0010,0.0004,None, 27.8144, 2902.458368
177000,0.0000,0.0917,0.0000,0.0016,0.0000,0.0010,0.0004,None, 27.8144, 2902.458368
178000,0.0000,0.0915,0.0000,0.0016,0.0000,0.0010,0.0004,None, 27.8144, 2902.458368
179000,0.0000,0.0996,0.0000,0.0016,0.0000,0.0010,0.0003,None, 27.8144, 2902.458368
180000,0.0000,0.0991,0.0000,0.0016,0.0000,0.0009,0.0004,None, 27.8144, 2902.458368
181000,0.0000,0.0818,0.0000,0.0016,0.0000,0.0011,0.0003,None, 27.8144, 2902.458368
182000,0.0000,0.0800,0.0000,0.0016,0.0000,0.0008,0.0003,None, 27.8144, 2902.458368
183000,0.0000,0.0778,0.0000,0.0016,0.0000,0.0011,0.0003,None, 27.8144, 2902.458368
184000,0.0000,0.0795,0.0000,0.0016,0.0000,0.0009,0.0004,None, 27.8144, 2902.458368
185000,0.0000,0.0959,0.0000,0.0016,0.0000,0.0010,0.0003,None, 27.8144, 2902.458368
186000,0.0000,0.0985,0.0000,0.0016,0.0000,0.0010,0.0004,None, 27.8144, 2902.458368
187000,0.0000,0.0970,0.0000,0.0016,0.0000,0.0010,0.0003,None, 27.8144, 2902.458368
188000,0.0000,0.0964,0.0000,0.0016,0.0000,0.0010,0.0004,None, 27.8144, 2902.458368
189000,0.0000,0.0983,0.0000,0.0016,0.0000,0.0011,0.0003,None, 27.8144, 2902.458368
190000,0.0000,0.0983,0.0000,0.0016,0.0000,0.0010,0.0004,None, 27.8144, 2902.458368
191000,0.0000,0.0983,0.0000,0.0016,0.0000,0.0009,0.0004,None, 27.8144, 2902.458368
192000,0.0000,0.0993,0.0000,0.0016,0.0000,0.0009,0.0004,None, 27.8144, 2902.458368
193000,0.0000,0.0999,0.0000,0.0016,0.0000,0.0010,0.0003,None, 27.8144, 2902.458368
194000,0.0000,0.1039,0.0000,0.0016,0.0000,0.0010,0.0003,None, 27.8144, 2902.458368
195000,0.0000,0.1024,0.0000,0.0016,0.0000,0.0009,0.0003,None, 27.8144, 2902.458368
196000,0.0000,0.0984,0.0000,0.0016,0.0000,0.0010,0.0003,None, 27.8144, 2902.458368
197000,0.0000,0.0997,0.0000,0.0016,0.0000,0.0010,0.0003,None, 27.8144, 2902.458368
198000,0.0000,0.1028,0.0000,0.0016,0.0000,0.0009,0.0003,None, 27.8144, 2902.458368
199000,0.0000,0.1021,0.0000,0.0016,0.0000,0.0009,0.0004,None, 27.8144, 2902.458368
200000,0.0000,0.1043,0.0000,0.0016,0.0000,0.0009,0.0003,None, 27.8144, 2902.458368
201000,0.0000,0.0971,0.0000,0.0016,0.0000,0.0010,0.0004,None, 27.8144, 2902.458368
202000,0.0000,0.0970,0.0000,0.0016,0.0000,0.0010,0.0003,None, 27.8144, 2902.458368
203000,0.0000,0.1047,0.0000,0.0016,0.0000,0.0009,0.0003,None, 27.8144, 2902.458368
204000,0.0000,0.0972,0.0000,0.0016,0.0000,0.0010,0.0003,None, 27.8144, 2902.458368
205000,0.0000,0.0983,0.0000,0.0016,0.0000,0.0010,0.0004,None, 27.8144, 2902.458368
206000,0.0000,0.1010,0.0000,0.0016,0.0000,0.0011,0.0004,None, 27.8144, 2902.458368
207000,0.0000,0.0965,0.0000,0.0017,0.0000,0.0010,0.0003,None, 27.8144, 2902.458368
208000,0.0000,0.0987,0.0000,0.0016,0.0001,0.0010,0.0004,None, 27.8144, 2902.458368
209000,0.0000,0.0980,0.0000,0.0016,0.0000,0.0010,0.0003,None, 27.8144, 2902.458368
210000,0.0000,0.0944,0.0000,0.0016,0.0000,0.0010,0.0003,None, 27.8144, 2902.458368
211000,0.0000,0.0987,0.0000,0.0016,0.0000,0.0010,0.0004,None, 27.8144, 2902.458368
212000,0.0000,0.0946,0.0000,0.0016,0.0000,0.0010,0.0004,None, 27.8144, 2902.458368
213000,0.0000,0.1011,0.0000,0.0016,0.0000,0.0009,0.0003,None, 27.8144, 2902.458368
214000,0.0000,0.1028,0.0000,0.0016,0.0000,0.0010,0.0003,None, 27.8144, 2902.458368
215000,0.0000,0.1130,0.0000,0.0016,0.0000,0.0009,0.0003,None, 27.8144, 2902.458368
216000,0.0000,0.1048,0.0000,0.0016,0.0000,0.0009,0.0004,None, 27.8144, 2902.458368
217000,0.0000,0.0998,0.0000,0.0016,0.0000,0.0009,0.0003,None, 27.8144, 2902.458368
218000,0.0000,0.0954,0.0000,0.0017,0.0000,0.0010,0.0004,None, 27.8144, 2902.458368
219000,0.0000,0.0969,0.0000,0.0016,0.0000,0.0009,0.0003,None, 27.8144, 2902.458368
220000,0.0000,0.1036,0.0000,0.0016,0.0000,0.0011,0.0003,None, 27.8144, 2902.458368
221000,0.0000,0.0946,0.0000,0.0016,0.0000,0.0011,0.0003,None, 27.8144, 2902.458368
222000,0.0000,0.0983,0.0000,0.0016,0.0000,0.0009,0.0004,None, 27.8144, 2902.458368
223000,0.0000,0.0949,0.0000,0.0016,0.0000,0.0010,0.0003,None, 27.8144, 2902.458368
224000,0.0000,0.1015,0.0000,0.0016,0.0000,0.0010,0.0003,None, 27.8144, 2902.458368
225000,0.0000,0.0975,0.0000,0.0016,0.0000,0.0011,0.0004,None, 27.8144, 2902.458368
226000,0.0000,0.0968,0.0000,0.0016,0.0000,0.0011,0.0004,None, 27.8144, 2902.458368
227000,0.0000,0.1010,0.0000,0.0016,0.0000,0.0009,0.0004,None, 27.8144, 2902.458368
228000,0.0000,0.0962,0.0000,0.0016,0.0000,0.0009,0.0003,None, 27.8144, 2902.458368
229000,0.0000,0.1006,0.0000,0.0016,0.0000,0.0010,0.0003,None, 27.8144, 2902.458368
230000,0.0000,0.0948,0.0000,0.0016,0.0000,0.0010,0.0003,None, 27.8144, 2902.458368
231000,0.0000,0.0952,0.0000,0.0016,0.0000,0.0009,0.0003,None, 27.8144, 2902.458368
232000,0.0000,0.0968,0.0000,0.0016,0.0000,0.0010,0.0004,None, 27.8144, 2902.458368
233000,0.0000,0.0973,0.0000,0.0016,0.0000,0.0010,0.0003,None, 27.8144, 2902.458368
234000,0.0000,0.0961,0.0000,0.0016,0.0000,0.0009,0.0003,None, 27.8144, 2902.458368
235000,0.0000,0.1104,0.0000,0.0016,0.0000,0.0011,0.0003,None, 27.8144, 2902.458368
236000,0.0000,0.1043,0.0000,0.0016,0.0001,0.0010,0.0004,None, 27.8144, 2902.458368
237000,0.0000,0.1013,0.0000,0.0016,0.0000,0.0009,0.0003,None, 27.8144, 2902.458368
238000,0.0000,0.1019,0.0000,0.0016,0.0000,0.0009,0.0003,None, 27.8144, 2902.458368
239000,0.0000,0.0963,0.0000,0.0016,0.0000,0.0011,0.0004,None, 27.8144, 2902.458368
240000,0.0000,0.1116,0.0000,0.0016,0.0000,0.0009,0.0003,None, 27.8144, 2902.458368
241000,0.0000,0.1036,0.0000,0.0016,0.0000,0.0010,0.0004,None, 27.8144, 2902.458368
242000,0.0000,0.1028,0.0000,0.0016,0.0000,0.0010,0.0004,None, 27.8144, 2902.458368
243000,0.0000,0.0992,0.0000,0.0016,0.0000,0.0009,0.0004,None, 27.8144, 2902.458368
244000,0.0000,0.0980,0.0000,0.0016,0.0000,0.0009,0.0004,None, 27.8144, 2902.458368
245000,0.0000,0.0982,0.0000,0.0016,0.0000,0.0009,0.0004,None, 27.8144, 2902.458368
246000,0.0000,0.1013,0.0000,0.0016,0.0000,0.0012,0.0003,None, 27.8144, 2902.458368
247000,0.0000,0.0990,0.0000,0.0016,0.0000,0.0010,0.0003,None, 27.8144, 2902.458368
248000,0.0000,0.1089,0.0000,0.0016,0.0000,0.0010,0.0004,None, 27.8144, 2902.458368
249000,0.0000,0.1076,0.0000,0.0016,0.0000,0.0010,0.0004,None, 27.8144, 2902.458368
250000,0.0000,0.1062,0.0000,0.0016,0.0000,0.0010,0.0004,None, 27.8144, 2902.458368
251000,0.0000,0.1053,0.0000,0.0016,0.0000,0.0009,0.0004,None, 27.8144, 2902.458368
252000,0.0000,0.1049,0.0000,0.0016,0.0000,0.0010,0.0004,None, 27.8144, 2902.458368
253000,0.0000,0.1070,0.0000,0.0016,0.0000,0.0010,0.0003,None, 27.8144, 2902.458368
254000,0.0000,0.1032,0.0000,0.0016,0.0000,0.0009,0.0003,None, 27.8144, 2902.458368
255000,0.0000,0.1040,0.0000,0.0016,0.0000,0.0010,0.0004,None, 27.8144, 2902.458368
256000,0.0000,0.1107,0.0000,0.0016,0.0000,0.0010,0.0003,None, 27.8144, 2902.458368
257000,0.0000,0.1043,0.0000,0.0016,0.0000,0.0009,0.0003,None, 27.8144, 2902.458368
258000,0.0000,0.1047,0.0000,0.0016,0.0000,0.0009,0.0003,None, 27.8144, 2902.458368
259000,0.0000,0.1064,0.0000,0.0016,0.0000,0.0010,0.0004,None, 27.8144, 2902.458368
260000,0.0000,0.1062,0.0000,0.0016,0.0000,0.0010,0.0004,None, 27.8144, 2902.458368
261000,0.0000,0.1244,0.0000,0.0016,0.0000,0.0010,0.0003,None, 27.8144, 2902.458368
262000,0.0000,0.1130,0.0000,0.0016,0.0000,0.0009,0.0003,None, 27.8144, 2902.458368
263000,0.0000,0.1187,0.0000,0.0016,0.0000,0.0009,0.0003,None, 27.8144, 2902.458368
264000,0.0000,0.1178,0.0000,0.0017,0.0000,0.0010,0.0004,None, 27.8144, 2902.458368
265000,0.0000,0.1437,0.0000,0.0016,0.0000,0.0010,0.0003,None, 27.8144, 2902.458368
266000,0.0000,0.1066,0.0000,0.0016,0.0000,0.0009,0.0003,None, 27.8144, 2902.458368
267000,0.0000,0.1087,0.0000,0.0016,0.0000,0.0009,0.0004,None, 27.8144, 2902.458368
268000,0.0000,0.1090,0.0000,0.0016,0.0000,0.0010,0.0003,None, 27.8144, 2902.458368
269000,0.0000,0.1048,0.0000,0.0016,0.0000,0.0009,0.0003,None, 27.8144, 2902.458368
270000,0.0000,0.1159,0.0000,0.0016,0.0000,0.0010,0.0003,None, 27.8144, 2902.458368
271000,0.0000,0.1071,0.0000,0.0016,0.0000,0.0010,0.0003,None, 27.8144, 2902.458368
272000,0.0000,0.1046,0.0000,0.0016,0.0000,0.0010,0.0004,None, 27.8144, 2902.458368
273000,0.0000,0.1100,0.0000,0.0016,0.0000,0.0010,0.0003,None, 27.8144, 2902.458368
274000,0.0000,0.1038,0.0000,0.0016,0.0000,0.0009,0.0004,None, 27.8144, 2902.458368
275000,0.0000,0.1041,0.0000,0.0016,0.0000,0.0009,0.0003,None, 27.8144, 2902.458368
276000,0.0000,0.1103,0.0000,0.0016,0.0000,0.0010,0.0003,None, 27.8144, 2902.458368
277000,0.0000,0.1090,0.0000,0.0016,0.0000,0.0009,0.0003,None, 27.8144, 2902.458368
278000,0.0000,0.1140,0.0000,0.0016,0.0000,0.0009,0.0003,None, 27.8144, 2902.458368
279000,0.0000,0.1096,0.0000,0.0016,0.0000,0.0010,0.0003,None, 27.8144, 2902.458368
280000,0.0000,0.1062,0.0000,0.0016,0.0000,0.0010,0.0004,None, 27.8144, 2902.458368
281000,0.0000,0.1081,0.0000,0.0016,0.0000,0.0010,0.0004,None, 27.8144, 2902.458368
282000,0.0000,0.1070,0.0000,0.0016,0.0000,0.0009,0.0003,None, 27.8144, 2902.458368
283000,0.0000,0.1156,0.0000,0.0016,0.0000,0.0009,0.0003,None, 27.8144, 2902.458368
284000,0.0000,0.1023,0.0000,0.0016,0.0000,0.0009,0.0003,None, 27.8144, 2902.458368
285000,0.0000,0.1044,0.0000,0.0016,0.0000,0.0009,0.0003,None, 27.8144, 2902.458368
286000,0.0000,0.0999,0.0000,0.0016,0.0000,0.0010,0.0003,None, 27.8144, 2902.458368
287000,0.0000,0.1213,0.0000,0.0016,0.0000,0.0010,0.0004,None, 27.8144, 2902.458368
288000,0.0000,0.1025,0.0000,0.0016,0.0000,0.0010,0.0004,None, 27.8144, 2902.458368
289000,0.0000,0.0991,0.0000,0.0016,0.0000,0.0010,0.0003,None, 27.8144, 2902.458368
