idx,config_id,true_energy,oob_models_energy,oob_models_force,energy_std_oob,force_std_rms_oob,source
1500,a821dcf600d3f7d6ea9f9d44ce73a60bc33378ab,-23374.01953125,3,3,0.027351276997191146,0.007329605662796781,bi4-6
1501,abfd262e929cd814ad21610007fceaf1c23f77d0,-23374.30859375,3,3,0.026567097484318528,0.003404506385780896,bi4-6
1502,d6177c41cb3b86dc8cc40eec1bb23240387958eb,-23374.283203125,2,2,0.007743704906225885,0.003314348315266648,bi4-6
1503,66a4f5086082512b53513bd87ddf88fa6ccc69e1,-23374.23046875,4,4,0.022725861064344984,0.001712276005746247,bi4-6
1504,3c5c2403017e7ff63564eeddfe5d5c6a8ecb05c0,-23374.125,2,2,0.0025732506516500837,0.003679746139449431,bi4-6
1505,b6f10d4792ebb3f1345ad0a5e08512b0a74892b3,-23374.3203125,2,2,0.002369330490024367,0.0008196310659764467,bi4-6
1506,eb76dac0273ad36e42f6954db1b50ffe409dd1eb,-23374.228515625,4,4,0.005653359245776372,0.0016378161252039807,bi4-6
1507,d01443bc151bb660aeb8a7fc151c341603c968cf,-23374.18359375,5,5,0.019825294863357545,0.0043642926149280725,bi4-6
1508,698014858c70b02b8dc25726b1eb6015c84b4f01,-23374.23828125,3,3,0.02900898631311277,0.012015563327612751,bi4-6
1509,96ef018ea8796afd969d9266442e225e0b9f1208,-23374.173828125,3,3,0.025816615276908095,0.0028865502834684613,bi4-6
1510,1bb5cfae42be48867f1718888636ff6c4a724658,-23373.693359375,3,3,0.02359716693630448,0.011977186777349741,bi4-6
1511,9154437d2b6cfac92f3aea6196e581060192d0e0,-23374.328125,2,2,0.0021514767202216556,0.0016554318656763416,bi4-6
1512,586184ebf6d81d136313d872626e9bc301b32abf,-23374.318359375,1,1,0.0,0.0,bi4-6
1513,7883f39f1baac0e1f3b182ba4fce3e5f6bdd15d7,-23374.24609375,1,1,0.0,0.0,bi4-6
1514,63aa9e310234ec7f139f7d3cf345c5bb0a37ecef,-23374.23828125,0,0,,,bi4-6
1515,8911cc157fe308c9b9ab39ee41b0d11e97e2782f,-23374.2265625,3,3,0.0033885419773070176,0.00200473901140268,bi4-6
1516,b458f28b28bb56dc78ba8568ddeb47954f114def,-23373.68359375,2,2,0.0020815529145409603,0.012938316921985101,bi4-6
1517,e6662e206518f86f8098bf016400625b5a6a45b6,-23374.369140625,5,5,0.019570783810016357,0.0014001149718623064,bi4-6
1518,bc36aeb04d6f5e5ab55eb4970b65dd41ee8014eb,-23374.34765625,5,5,0.01974931399563214,0.001274216311002125,bi4-6
1519,35eb947a209b8420e8c2577125f23c2e902b7495,-23374.298828125,1,1,0.0,0.0,bi4-6
1520,e8edb3b3dc70233667acef0d6bc6c4b455590249,-23374.263671875,4,4,0.020054474953225026,0.0014895553692958474,bi4-6
1521,30f9e2ded79e8944a3aad05752401c3c6868b0ad,-23373.9921875,1,1,0.0,0.0,bi4-6
1522,da51cfe8f4e2d7ac9e7396b0c3169ed310935efe,-23374.23046875,4,4,0.005696072595250157,0.0028461618601938955,bi4-6
1523,1a6bddbf7aa510ab06e29032db7e0077582e7371,-23374.27734375,4,4,0.005181810926640843,0.005382753145376065,bi4-6
1524,d91c7a21294d0b0b29cd1826c69a526de65f75aa,-23374.296875,3,3,0.022179471184453157,0.0017363405663616018,bi4-6
1525,d9fa9c28395c35cc4aa12611ee514cf0a8fc5650,-23374.23046875,2,2,0.028199798383219857,0.0011887307196956443,bi4-6
1526,320a009e33d249163d93f3e7ed355fc060d6d10c,-23374.384765625,4,4,0.02192622401421285,0.001492517756978099,bi4-6
1527,a665b61ad061630799c1539d6adbd468a48ca362,-23374.2578125,3,3,0.023586571238223386,0.0015259818495917622,bi4-6
1528,75538fba6e77b5c86de3dbdcd65dcd31a7f65662,-23373.970703125,1,1,0.0,0.0,bi4-6
1529,614b798382c31d8899d5284a9af96c7a36b06bef,-23374.171875,2,2,0.0022386816264283187,0.003940230630758356,bi4-6
1530,f8e71ea71ec48fd78b528bfd9e74bb55d2d289da,-23374.302734375,1,1,0.0,0.0,bi4-6
1531,028e313046822e2b92568df8308762f348f0c07a,-23374.228515625,5,5,0.019723418349610475,0.0020130327497234046,bi4-6
1532,331a836396baeeeeae5ebb28450e36a2be99fffa,-23374.310546875,1,1,0.0,0.0,bi4-6
1533,ea2b90814122a0c396f8711972e69b0581ea94d8,-23374.01953125,1,1,0.0,0.0,bi4-6
1534,876c1a295525265b17639ddc8628369466d799d5,-23374.341796875,2,2,0.03543169828233025,0.0022550480867289512,bi4-6
1535,62904f22a7553512a0d3114071da575ad5e1310e,-23374.232421875,4,4,0.005747380085668833,0.0014949503420364236,bi4-6
1536,2c261da0a0bba8201f96860e30563fc7175e85ba,-23374.228515625,1,1,0.0,0.0,bi4-6
1537,d3870bad52f43c7df58283c6f48d7c3a56c10ca6,-23374.12890625,1,1,0.0,0.0,bi4-6
1538,fa2986d2dc162841a312278be7c8944f91099fc3,-23374.3828125,4,4,0.005590332859354415,0.0014791456475918383,bi4-6
1539,57790f4577c4bb2c9b3f00f85f5c116b2ebb6684,-23374.28515625,4,4,0.005971757662402614,0.002034601053891164,bi4-6
1540,1ba49b784a4cd394ef9a713df1b28080a9beac88,-23374.294921875,2,2,0.004730955474237923,0.001820964713737368,bi4-6
1541,53b090026cd643ba72904201ac92a62170b6778b,-23374.369140625,2,2,0.004992705022128603,0.000764057827793257,bi4-6
1542,1f37ca5d3a0251124aa00d06c833a7fd4e99ff30,-23374.17578125,2,2,0.002583878523315813,0.004726970862626769,bi4-6
1543,028786d35127ee6d0463ae7125d2601b4b7ad759,-23374.142578125,3,3,0.02155194843474312,0.0058067185450656365,bi4-6
1544,cb85df04c53109cf2b47a5b45f6d98528598d5e6,-23374.3203125,3,3,0.022172465145482885,0.001669949519905021,bi4-6
1545,879bbc547936120a57428968863824b945068390,-23374.138671875,1,1,0.0,0.0,bi4-6
1546,4a626b1fe359e4df63382fab849f4b5a7e8eb7cf,-23374.26953125,1,1,0.0,0.0,bi4-6
1547,d77176933ca9cee169a23a2613634d9b435d4354,-23374.28125,1,1,0.0,0.0,bi4-6
1548,3053d3d1aef60b1fc3aa227b51b17961910ada6b,-23374.041015625,3,3,0.0033194270389479462,0.00241446954324161,bi4-6
1549,78413b9270d473fbc4285d8989645feff2e48006,-23374.31640625,2,2,0.007649000147882984,0.0026841423026216856,bi4-6
1550,1173ff686869854828e16e7ab3329a455d710b9c,-23374.236328125,3,3,0.023901576745959382,0.0028042773153208194,bi4-6
1551,a2a8aaf6f66e1af856f8f97dba45c26b015d0d39,-23374.375,2,2,0.03059256218917159,0.0014171074399382646,bi4-6
1552,7d0d768b054a3811ececbccc328a913d399e4cd6,-23374.330078125,3,3,0.027657801395449825,0.0031054571296964145,bi4-6
1553,cd1aae525c638ba9473af407f530ac50e34285e2,-23374.302734375,1,1,0.0,0.0,bi4-6
1554,01b2ea9efea873d1eeda83933f51680816bbd782,-23374.337890625,5,5,0.019596524619853204,0.0016176523273196321,bi4-6
1555,864c90dcf4c749cc88671d05f838e242e751e239,-23373.58984375,1,1,0.0,0.0,bi4-6
1556,464ceab40095fd95be6b8f9d712299165facdf22,-23374.115234375,2,2,0.009577585762738395,0.002221903838401708,bi4-6
1557,a8b76e8688fd3b8a01f22383f841a448be032a31,-23374.25390625,3,3,0.02703856516066895,0.0021963853432026958,bi4-6
1558,582da740f0e8ff72dc4b44434ffb3c3a3ec2fe71,-23374.169921875,2,2,0.031014248853162948,0.004107660624573774,bi4-6
1559,3b8e7d6d3b92246ecde0d1b8779f3c6c9c00639b,-23374.2109375,4,4,0.006034206856228687,0.0040816363897150775,bi4-6
1560,790fcfdfd038bf867bd501b1ef4725b21aa28871,-23374.263671875,4,4,0.005284316526668377,0.00960831409592975,bi4-6
1561,7c9b780e5c4563c64b8a079c89ccd08c7d085097,-23374.166015625,2,2,0.001780431069049097,0.0018096171012838566,bi4-6
1562,fe71893af759f571620372ee9b000e79ec24d427,-23374.30078125,2,2,0.0019242028853950091,0.0015156038420250752,bi4-6
1563,6f5e5cae3d407238d9c55bf4df518f739ac19f88,-23374.3203125,1,1,0.0,0.0,bi4-6
1564,abb8f93669c991bc54c4b65c57b2a253fb60d17d,-23374.31640625,1,1,0.0,0.0,bi4-6
1565,2e049d86adc4434d6c590c525e68f727c5b64991,-23374.240234375,2,2,0.03618660765704243,0.005280214082673909,bi4-6
1566,2f8534d9f1a4350c74ddc28a4d0e687bcdf308a2,-23374.322265625,1,1,0.0,0.0,bi4-6
1567,60b334201ce5f24bab8288a02b6ff4b4b02cb41c,-23374.314453125,2,2,0.00935673532216626,0.0021858521573876488,bi4-6
1568,3dbddb7b367e850d74abdb2ef054b7bd4d796252,-23374.283203125,1,1,0.0,0.0,bi4-6
1569,7f5090c0ae84bf7d2fde7330836623b6ff40e566,-23374.177734375,2,2,0.027917095654612544,0.0038734856313753447,bi4-6
1570,6b4dcd41130095fbcb85a781c895b4cb4fbf8a96,-23374.291015625,2,2,0.009599111025699502,0.001747894732951465,bi4-6
1571,321209aeb0656b4c5bf50f965013ad4e7d223599,-23374.322265625,3,3,0.007280332600465884,0.0018789340707872782,bi4-6
1572,cd40e6ea3e9ddc8ea3928fffb9f460e049a40908,-23374.21875,1,1,0.0,0.0,bi4-6
1573,b52894811485726222157b0ae3e8569cd9feb7cb,-23374.328125,3,3,0.026927704381984174,0.0020168440194711784,bi4-6
1574,22eee144b23259dc260542a51370258841f2f69d,-23374.333984375,3,3,0.027421175743480623,0.0008845536338757829,bi4-6
1575,8532b66329375e80a36ea4ff13acc00bb862bc05,-23374.39453125,3,3,0.023932665367946738,0.0016114814005502329,bi4-6
1576,feae4d9d0a1c483cc30d28266a7ca78ca751663a,-23374.125,1,1,0.0,0.0,bi4-6
1577,3fee8e1731a6d40a78666e0ef022820df40cc862,-23374.283203125,5,5,0.019692677705674407,0.0014501054861710168,bi4-6
1578,986e0cce3a322e534dd021ec2ee5402cb9960162,-23374.349609375,2,2,0.03559560906370941,0.0011096965904377081,bi4-6
1579,e528c1cafc553b65e5d0241109d1a29694afba83,-23373.814453125,1,1,0.0,0.0,bi4-6
1580,41dc6523fff772889b3d7fe421880f85f12ddca9,-23374.298828125,1,1,0.0,0.0,bi4-6
1581,dbffc189e29019291e032f8590926efa044c61d2,-23374.2734375,3,3,0.02389011287312828,0.0019338357262902717,bi4-6
1582,d771f90337e811bdff2d7b01270ec41d5e7842a0,-23374.302734375,2,2,0.007262656713585145,0.0018011595864142155,bi4-6
1583,6bc4c360385b5e0d6df2e982c0207fed47ad172b,-23374.31640625,2,2,0.0019177358908636763,0.0025834412469116193,bi4-6
1584,61cb4c25c33b5024e06e423a8afe39d223d87151,-23374.361328125,3,3,0.021877057452853715,0.0035308116406419085,bi4-6
1585,86e5aea5fe9a1842aecc9d2c647aea160324b946,-23374.353515625,2,2,0.00449847999442056,0.0009796000046038806,bi4-6
1586,e308ae7d578153e8ee2ca38055fb88aefd6c9f24,-23374.29296875,5,5,0.020660288131226768,0.005032216442484085,bi4-6
1587,c857cdbc5dbeebcb8048724e9d64cf6df4f0b4cd,-23373.685546875,1,1,0.0,0.0,bi4-6
1588,e80423d75d5d9cacfb13f90e39f9f8aa0a631078,-23374.2890625,1,1,0.0,0.0,bi4-6
1589,959267c7556575b3be0712b3f03750ab660427d4,-23374.359375,3,3,0.0071560935725645996,0.0011884765053006645,bi4-6
1590,58878225903f50096214befc735634d63fb343b9,-23374.349609375,4,4,0.022172208379348503,0.0010813397052243088,bi4-6
1591,e5c4ab4d3bc7d25f29fc564b65ee224c64ed85b0,-23374.271484375,3,3,0.026754485572633598,0.0019119877597947035,bi4-6
1592,60ac75fdaef8642d2de931ad839be3a9a7574666,-23374.1640625,2,2,0.02842188561668189,0.0017040928624509782,bi4-6
1593,c05530524a5fe5e462186b0296db6829c6bb8951,-23374.26953125,2,2,0.03051327371080637,0.0032287481656933198,bi4-6
1594,84c5064a03efdc7aef0c4f390bb796e39f1415e1,-23373.92578125,3,3,0.00785926711224221,0.010288680177554443,bi4-6
1595,4c29fc2feffc3664e5a391ce9b9ef0a5bf5d83b8,-23373.90234375,1,1,0.0,0.0,bi4-6
1596,47e0c7b637ee1f24373ca6e7523b2438fd92f57a,-23374.373046875,2,2,0.025942737546160707,0.002319862350496725,bi4-6
1597,ce7f265774946a8300d8705ae84090870d08135e,-23374.12109375,3,3,0.027986590194221787,0.005150473420041976,bi4-6
1598,70dd419c85a4d1c65900f026b9fa477f52f9c526,-23374.28515625,4,4,0.006074553987561992,0.0028035623148576524,bi4-6
1599,5820a1491b2223865320049ee3e6fb68c834a4c1,-23374.259765625,1,1,0.0,0.0,bi4-6
1600,dd5b9c35af4a7fbff21ee7c1c169acbe84bf240f,-23374.328125,3,3,0.024040169997093734,0.002482858855030368,bi4-6
1601,43ff2c88fb69a50c276b4981019eedee2922d0fb,-23374.185546875,1,1,0.0,0.0,bi4-6
1602,8ff7de21b2a92eff4df5e5491ab29b00eefa9498,-23374.216796875,1,1,0.0,0.0,bi4-6
1603,607ffe7ef861aa8a1d71ecac47c6defd9502cd32,-23374.296875,1,1,0.0,0.0,bi4-6
1604,56002bc7da6c4e297851b02e90039df1e7447376,-23374.33984375,5,5,0.019522049735635136,0.0024570041273674044,bi4-6
1605,76cde0e643f667a616c18cece89795edb2627b33,-23374.3671875,2,2,0.00530233667236044,0.0015838343365221087,bi4-6
1606,b313d636b9462144584ede26b6683db107e72290,-23374.3125,1,1,0.0,0.0,bi4-6
1607,87c90211dfb315c8549f029c58c7acc6c2130283,-23374.265625,3,3,0.023312367507207336,0.0013982045542815795,bi4-6
1608,06080b3ccf05e1d2deb04ac37149dfaa1c9d9f5a,-23374.279296875,2,2,0.009253714376313612,0.0014260141008337925,bi4-6
1609,d1f43bae8f5669b3b1da3aa6d3df732935b50156,-23374.23046875,4,4,0.006459060073287159,0.004188262454672513,bi4-6
1610,bd7a63d720bbf77015a8d0d37144f4a4d0231014,-23374.060546875,4,4,0.00631705208821166,0.00637647407907044,bi4-6
1611,14a626c6495c8ad3e9e5fa8cee70acfc4762eab6,-23374.1953125,3,3,0.026273597381328995,0.004479406700659571,bi4-6
1612,f6d00141fa5caa8acdf54bcda35afe925c0bc939,-23374.353515625,5,5,0.019712633000318027,0.0013116870559055386,bi4-6
1613,1e9566a6e3c0fd92d6bb43ca23a082bb1b586558,-23374.16796875,5,5,0.019653322169664793,0.002871206793921141,bi4-6
1614,e3fbdd05d646285a7cf9dde7ea03d8bb9cd9573f,-23374.1640625,2,2,0.001692952414122272,0.00440063497063484,bi4-6
1615,abf2de5da248bccc748942cdc426973c26bae8e2,-23374.2578125,4,4,0.023354747740773212,0.003868438666100936,bi4-6
1616,05cc0904157b14367b2fcb016f00a575958f3808,-23374.353515625,2,2,0.0022754866937351502,0.0013245187101116722,bi4-6
1617,d6aca3c2a6f8185f4ec7a2a64659c67868344b03,-23374.3046875,3,3,0.006769512440514141,0.0012727144127011843,bi4-6
1618,c9f46728519584718fff8d380225a9e7c8cf93b4,-23374.29296875,2,2,0.03046842826266154,0.002576526882366921,bi4-6
1619,ffaadf78d365ce51dacb7d68125bbdf0fffca5c1,-23374.36328125,3,3,0.025379709857364104,0.004371751233995905,bi4-6
1620,f54e34d647d3e6f8e3758b669ff3cfaae02e9489,-23374.21875,1,1,0.0,0.0,bi4-6
1621,aca404e689f6606e13d30958d8b859222e6fe0d4,-23374.318359375,2,2,0.0022928544803268603,0.005185990610427353,bi4-6
1622,81f341ee5461af950f920c9ea9de5085461ec5a9,-23374.25390625,3,3,0.0223202343672639,0.003623685724721052,bi4-6
1623,1de820d6a48cd236d3f0e2d41fe89958f3b3c5b8,-23374.2421875,2,2,0.007498890558358354,0.0017940277203205488,bi4-6
1624,553399829254566ffba79b35cfb1c1ddf0122a27,-23374.265625,2,2,0.002785532159960696,0.0025055954714887094,bi4-6
1625,575de67943c562abf91c4af7e5ed1033a2a6e838,-23374.345703125,1,1,0.0,0.0,bi4-6
1626,abc1757a8ab23487d50c8db659e15753978538c8,-23374.15625,3,3,0.024281325471437857,0.0021118685673494346,bi4-6
1627,6bd6a441fbb79d71e1da4789e1396557e67d6b6a,-23373.982421875,2,2,0.024665966760098742,0.008369047983603366,bi4-6
1628,be0e9514360d7927db1cb0af9d9681e986cbf150,-23374.30078125,2,2,0.00918646868850368,0.003932754957837014,bi4-6
1629,8ac005ebf68144dc90292bb626f0c4d73f30ac8b,-23374.244140625,1,1,0.0,0.0,bi4-6
1630,c6405e48198eb8c8cc65c5d7280fb72b496b486d,-23373.970703125,5,5,0.0202156045957877,0.009301437175550428,bi4-6
1631,c8fcc2da558bc69fdf72a77588f14a4b8c9e7031,-23374.095703125,5,5,0.01948418693055481,0.0043148760953478065,bi4-6
1632,6afed2ac5ff129d827a962d9de638325a459f3be,-23374.25,0,0,,,bi4-6
1633,3f6f519c39d3713b36c9fca9fef5fd95d2caedaa,-23374.091796875,3,3,0.0029802815668017388,0.004012576324027793,bi4-6
1634,cbb9887185f6bb4fbac40a1a26e639bb0abfd208,-23374.248046875,3,3,0.022318760263175415,0.0013933320119225556,bi4-6
1635,7730e0aa2df2f93ab434e695ac2a37086b67a07d,-23374.150390625,2,2,0.005282669703668644,0.0013556296376300533,bi4-6
1636,a0112b76fe277b867495206fa30fd2e0a396aa0b,-23374.37890625,1,1,0.0,0.0,bi4-6
1637,b1fdc0c5aa3c8115af263e210358a123e9e1db88,-23374.310546875,2,2,0.030333660097698043,0.004851690500921495,bi4-6
1638,5704c96baddccf5791191e190c95f6696bd749ed,-23374.083984375,1,1,0.0,0.0,bi4-6
1639,b4d3f61d7d87aa1ed3cf0ba1f4ff88d7aea73eef,-23374.083984375,4,4,0.005504416060206082,0.006674646399493192,bi4-6
1640,4726a456ddfe7b76c978f4d4054e3babd07a34d1,-23373.87109375,3,3,0.023818960577605054,0.006837377093410726,bi4-6
1641,9918fcab60581d0735f685cce8425ba5d539d8af,-23374.32421875,3,3,0.024109871138535348,0.0015463548531352992,bi4-6
1642,87f3eb2326a0041614cb391f3a64449f7717c566,-23374.330078125,2,2,0.027821876091962724,0.001865794579157317,bi4-6
1643,e9313c9213e7e5ebe7a0032ac192d6c255327a19,-23374.306640625,5,5,0.01976732639058723,0.0013667798312800403,bi4-6
1644,bfd97d916dfafb4d58cc2cf43de53968345edd3d,-23374.236328125,1,1,0.0,0.0,bi4-6
1645,0cbff21b4ec084027cee768b58f08e68b2672c2d,-23374.34375,3,3,0.003097046979082075,0.0016683019480634089,bi4-6
1646,4711b989d4ea51d1e42d317f9e59920a5cb36176,-23374.23046875,1,1,0.0,0.0,bi4-6
1647,8b75c0ec16862d39b1d61f30e8a180674455bdcc,-23374.236328125,2,2,0.0074962354355241415,0.0012335778225572456,bi4-6
1648,7ed0a8c02dfe26eed941d2e08cc76d49011bc899,-23374.322265625,3,3,0.02667166346047793,0.0014456079425759312,bi4-6
1649,6bac185d8eabaa1fa410df5f50c52b73103341ce,-23374.2890625,2,2,0.035937994063010764,0.0014493320769954695,bi4-6
1650,48156374488c969f35b6ce7219ecbf2397beeb93,-23374.197265625,3,3,0.006627450368121472,0.0012320130865759427,bi4-6
1651,85be46947407428cfb9817c02a47387d61fba43c,-23374.224609375,3,3,0.022437776278412643,0.003581531939406566,bi4-6
1652,3a13b3926a2d529b67d65cae47be5bb9f7b5df40,-23374.369140625,2,2,0.010026885115631408,0.0033990777300335786,bi4-6
1653,e4abf69b46773061be0894f7e904720c8e4364be,-23374.34765625,1,1,0.0,0.0,bi4-6
1654,a77b2072eb4a517d12247f0b62aa5aa022b62fd3,-23374.2734375,3,3,0.023236766877056742,0.0021733113813156434,bi4-6
1655,d0c7c3ce4bd13a0414d0ff6df22897831c733625,-23374.28125,2,2,0.02823494949541537,0.001686385425600712,bi4-6
1656,3ccc0bef7af29977c1e824ded74c52472e1f9dcc,-23374.248046875,1,1,0.0,0.0,bi4-6
1657,c62441ed56144a48c28dbc0cb4b6c017b58ccc60,-23374.28515625,5,5,0.01970021377732897,0.0016569164874642459,bi4-6
1658,efb5833654f55ab02bafc5ab04f35c1148469335,-23374.275390625,4,4,0.023595100507688444,0.006930402062106719,bi4-6
1659,38bd9b9a353ee0f54c8697e76c8e4f0119755798,-23374.29296875,4,4,0.005738427323911662,0.001434253491498855,bi4-6
1660,526bfbf87bfe9d34f78b2ad07c7372d7b1b6eff7,-23374.263671875,1,1,0.0,0.0,bi4-6
1661,462fd27033dc4af2f4ed1ac9090f72b199465f06,-23374.251953125,5,5,0.01955068081716263,0.004363509650548869,bi4-6
1662,e9b4a835bb280bf6cd53e9cdeba945566510d2c7,-23374.146484375,2,2,0.0030341781049913127,0.004696018159232977,bi4-6
1663,37ab5ded4eade4c92501d9ee979bc87a356b673c,-23374.306640625,3,3,0.026770210756456518,0.0032794126524248244,bi4-6
1664,2ce7def0373d66a1d5357bb154b8de5d98a27c1a,-23374.26171875,2,2,0.001860153649149729,0.002441003941594418,bi4-6
1665,f70f4fd33ee97dc60a4a77e827bd49ad934a0663,-23374.203125,5,5,0.019814469288629066,0.002381435384988239,bi4-6
1666,1a03b2e15323766a5d1032a86107de0074220a6d,-23374.2578125,2,2,0.03591949801989587,0.003843839837229456,bi4-6
1667,7818ace6c424f203f6be264e2c800d7b41f02de2,-23374.14453125,3,3,0.02628218797495052,0.0029426506682099667,bi4-6
1668,a27ac3146fa30ffbbd8b362aac4e16854f924b03,-23374.1015625,0,0,,,bi4-6
1669,04e58576d322cc0a4b32518c96c323abd50da70e,-23374.359375,2,2,0.0020690942402666894,0.0016415864437001023,bi4-6
1670,fb9e96740d8dfafc518eda472d7c62a1cd054830,-23374.26171875,3,3,0.0244486125110885,0.0015629057714614117,bi4-6
1671,805faaee31292c7e6b50188003c1394596d087ab,-23373.826171875,2,2,0.03119023413041404,0.011431196727223245,bi4-6
1672,b9f253b09f0c446e14eead567aca0225e8ec95d7,-23374.208984375,2,2,0.0018224768824268054,0.005820303231601842,bi4-6
1673,6643626c9cc6f8cb430c30817eed5f0f49ab5b00,-23374.345703125,2,2,0.001853728297268768,0.0014189294635073143,bi4-6
1674,07d690fa56331a9738fcfab9638086c99b07b6e4,-23374.23046875,5,5,0.019748606933951845,0.0024291181723654154,bi4-6
1675,b6139f5980deb39cad3f8f7ff2140021a588df08,-23374.166015625,2,2,0.0007729290894975196,0.0036572907759446745,bi4-6
1676,e7399b1f89de9495719afd67659046fb12212ded,-23374.154296875,5,5,0.02014406292186239,0.00460946880048903,bi4-6
1677,781a113a358373f5534d21d149eac98db57495d5,-23374.333984375,5,5,0.02005228414723931,0.004494221549159405,bi4-6
1678,f3dbc4571227c6b490d90931ef85fc4bacc0c7fb,-23374.3671875,3,3,0.026623925759702204,0.0013676702776915124,bi4-6
1679,1de4247701c4f34302793f9dff6363564a0976db,-23374.12109375,4,4,0.020219719297966798,0.0054584920568275476,bi4-6
1680,652d6d44a6ac511e1aa21f6b6b67c565cf333e7b,-23374.328125,1,1,0.0,0.0,bi4-6
1681,433880e7f24ab5cce302709c71f78e11b73f7b42,-23374.2734375,3,3,0.026103998560760365,0.0019291629768966741,bi4-6
1682,5b0169832257dbdec0fb0d87afb71ae191ba25c7,-23374.23046875,4,4,0.02285618862191176,0.001950909320373375,bi4-6
1683,07798511007fc0a989257efa1c605e9eaad6ade5,-23374.2890625,4,4,0.02184220633864488,0.00241361811507484,bi4-6
1684,a5971644a95837721685457c60b866e1bb976f61,-23374.22265625,3,3,0.024151760531445503,0.010765229114053946,bi4-6
1685,eee04ec0df29c44517a29635120d18a73422810b,-23374.28515625,3,3,0.026584937937055606,0.0016179022185505683,bi4-6
1686,14438a0775f4c43b8a3fecda1ee4d4a99939a898,-23374.373046875,3,3,0.007027352045698543,0.0020004327176713055,bi4-6
1687,5fd08d1feb4519e3e5cc818272c5ab5f9fe3ea6f,-23374.2734375,3,3,0.006679086306678427,0.0021567248633835366,bi4-6
1688,74ceecbf766138db8e5a0eadcf871079b5328add,-23374.1640625,1,1,0.0,0.0,bi4-6
1689,1ef76fd1d14d3ca0da8a71cd2c63a00fcd3472fb,-23374.142578125,2,2,0.030251161719054547,0.015159090704122604,bi4-6
1690,5dae5019217b2381901e2232092ca37fe5497651,-23374.353515625,2,2,0.028170586141157104,0.0025709924003138288,bi4-6
1691,5ca129fe23d2d3c75a4dd952220749d2f1047fd3,-23374.193359375,2,2,0.0074166998589118216,0.0011761301973345663,bi4-6
1692,e15a28968123fd51a4b638d52d9ba84ae5c98f3f,-23374.28125,2,2,0.004766381868327534,0.0026035516371695,bi4-6
1693,226cba80861f8ce905ee0b36373a1d91dad1a40c,-23374.275390625,5,5,0.019602452457310487,0.0012837328203780354,bi4-6
1694,164b4d1610320d7e18db3eb57f0e04ba68145a23,-23374.251953125,1,1,0.0,0.0,bi4-6
1695,3ec4557c9ac10e5ddfd0ad77eec05496ab83d51f,-23374.134765625,1,1,0.0,0.0,bi4-6
1696,7309718f38798955aa155e189c6949f162cd6ea5,-23374.16796875,2,2,0.0354456524623058,0.0028657632535025457,bi4-6
1697,4541a9fbfc7448e1c4d69ea16f9a9fa0d64d61de,-23373.798828125,3,3,0.003685504137842249,0.007991841329339,bi4-6
1698,4803cabf54fc384c9e21ff47523f72385436ae0d,-23374.26953125,1,1,0.0,0.0,bi4-6
1699,85885b3320f9105f30aefde8ba65f6bed4991c6f,-23373.96875,0,0,,,bi4-6
1700,8a6223121494650064633d1da257872e1f7d95d1,-23374.181640625,2,2,0.0029695142486422443,0.006526801219041688,bi4-6
1701,a797274cebdb53c8ee8c07c0f4d51c55b3c3586e,-23374.16015625,3,3,0.02708523080061449,0.006402496395637189,bi4-6
1702,4a72b125b3d31bb7217a28881d9e97fc28d5de5c,-23374.119140625,3,3,0.02288046342357136,0.004656285281649468,bi4-6
1703,6ce5eeda6865171f148facd5dc840e8952659df3,-23374.248046875,2,2,0.02858107723982002,0.002730853447807179,bi4-6
1704,6dfbc6f605640892e12be627034b196056c31f61,-23374.240234375,3,3,0.02241240108542785,0.0015576751803824391,bi4-6
1705,4f0e2ad380badc432edb969c2ee1bfc4acabb7c8,-23373.337890625,3,3,0.006476171635812492,0.017860421059689047,bi4-6
1706,af8937a3be81b9097f45060de873260121a447f4,-23374.296875,3,3,0.023670948539677855,0.0027165600683489656,bi4-6
1707,7691cfaff9ad76748f9e18d2bfedb275968b52d4,-23374.359375,3,3,0.022277467901751436,0.0012480474484715992,bi4-6
1708,3193be10ef62a3f05fe4b68f2011a20173cd977b,-23374.18359375,3,3,0.023267997687138473,0.0036917291804029794,bi4-6
1709,3740a2b5915642ca9c85514103e076d3a0dd6b3b,-23374.1015625,2,2,0.00725066162377522,0.0026275571620031093,bi4-6
1710,f34529f10d08fe3e81b62f36f40a8a55192a1d22,-23374.30859375,1,1,0.0,0.0,bi4-6
1711,e3bd1a7e6f7d899a046e36c841cdbaca83a5cd3b,-23374.2421875,4,4,0.02157540640004007,0.003547126590630092,bi4-6
1712,3a6a4f2ab4186b61287ef3fdebf7f07159c72f60,-23374.34375,1,1,0.0,0.0,bi4-6
1713,827830838c2ac2498e1959b399835b4d90cc7276,-23374.30078125,1,1,0.0,0.0,bi4-6
1714,28dd888a94881d853fa37f663d11a65b00354ff5,-23374.0546875,3,3,0.02386806102100382,0.004939424030369474,bi4-6
1715,2a5ff094e3b782e1c0ddb49c8d3a1dbdb3a5f371,-23374.353515625,1,1,0.0,0.0,bi4-6
1716,a7d0e8a1f1711ad6e67cbfd7b9b7b863399c0fa8,-23374.234375,2,2,0.026487950948335996,0.0015141374023227374,bi4-6
1717,5ba77df024f6aa877602f4424cc46377aaccab5a,-23374.244140625,3,3,0.007408968406472243,0.004081520596242775,bi4-6
1718,9b6f80507640e147ee5122602e0ee4515c063517,-23374.205078125,2,2,0.0022482931864199057,0.0022400664078607237,bi4-6
1719,e12916fc33b0b2bbdf1bc5a99dc8dd3b7c3b4efa,-23374.23046875,3,3,0.006515057657143905,0.001345837291614168,bi4-6
1720,e96e9c0428049e0ea02667a0a7bd41535e186c4e,-23374.23046875,1,1,0.0,0.0,bi4-6
1721,a57fe3461a9803e07fd41e1487837ee4cfb55c9a,-23374.08203125,5,5,0.018997253878900586,0.007447034411463769,bi4-6
1722,ec097d4ba780974a309b8baf765ed7391ad2f85a,-23373.982421875,2,2,0.008170601032851554,0.009096062022628821,bi4-6
1723,e6fb57c7944355025d86aaeaf905bdf85b22eac6,-23374.388671875,0,0,,,bi4-6
1724,01783cc5f0202377b90be540e13c09c55076fb72,-23374.201171875,1,1,0.0,0.0,bi4-6
1725,c686c2555fc0bad8ccbba5bd20e6475f383ad3a9,-23374.34765625,2,2,0.004432703861542388,0.0015196349588792472,bi4-6
1726,0797ae6c6471fb4b9bbfba94b367b5c2acc9d232,-23374.244140625,5,5,0.018941623080285568,0.008439821975477553,bi4-6
1727,814265f84d8e53c48fb04612c732eed181fe72e5,-23373.736328125,1,1,0.0,0.0,bi4-6
1728,d5e749bb5667fe54afc8fe9b613406adbb070564,-23374.34765625,4,4,0.022618024723102093,0.0011422560634338377,bi4-6
1729,721552490ef646dba523df0b8ee230c85f0071fc,-23374.251953125,2,2,0.028330179378692404,0.0009575316126408838,bi4-6
1730,78059f2ccad12a617fac55fabed02d959f4b7e15,-23374.052734375,3,3,0.027000267401224586,0.004050661903533013,bi4-6
1731,ca3035e60cd6f8900092c8c76d3fca785f79260f,-23374.267578125,2,2,0.0019368786143956476,0.002226844473174755,bi4-6
1732,49ca538bf3a914a778c4c24f0e1ca9915b1c9a97,-23374.345703125,2,2,0.02612330749708904,0.0009667754726564897,bi4-6
1733,db1209d600b6b72b2fb8065934ae3759c17c0e24,-23374.353515625,3,3,0.005372204975334548,0.001129968846762562,bi4-6
1734,71badae82f77329c24f9810e4667ff11940f31a5,-23374.078125,2,2,0.0019153650328822382,0.0017576881016765956,bi4-6
1735,8305d57db4ec4d21b90275fcca46680979a94b3c,-23374.287109375,3,3,0.007123116022269666,0.0024230507845900144,bi4-6
1736,055d3ed32c13d6a4edaae76485b4fbc30359c38a,-23374.384765625,5,5,0.01958927532588485,0.0014843219982578304,bi4-6
1737,ecd7b6f482fbc5eb27e44685c9071e9b3f14f851,-23374.3046875,3,3,0.006553911301046741,0.001189853187080024,bi4-6
1738,dcaebb554b01534ebcf31213881342ae54ac09c8,-23374.326171875,2,2,0.0017111970681609977,0.0031908556109314086,bi4-6
1739,45ffbb32487ba47b944d82045a7cfdbf8da55aee,-23374.046875,1,1,0.0,0.0,bi4-6
1740,87e9010c6245b7a2c7a02cb7156fb7d6f04af448,-23374.20703125,4,4,0.022293294601546394,0.0021749407436806975,bi4-6
1741,f885b26fd732baeb7c3cd796d36be81e446c9701,-23374.326171875,2,2,0.009940482856847762,0.0016753911909835424,bi4-6
1742,41e5e785f9c474c04ea1eb11dc90767d8f3dff0d,-23374.16796875,2,2,0.02776011663297878,0.00723602381450454,bi4-6
1743,b051bfd2a28e4803afd6a63a5d080971de100be2,-23373.890625,5,5,0.02050874374367729,0.007175839671496173,bi4-6
1744,adc19e8c445d08bcb7072b70826dd85c197fa64d,-23374.15625,3,3,0.0260561487375573,0.0024108829326660187,bi4-6
1745,087f5dbbc2866373a84eee684cde52f89899da3d,-23374.3671875,2,2,0.009315249382235236,0.0020851993756041344,bi4-6
1746,bbe7c1a08492e973798ad0b011364e71f21e40c3,-23374.107421875,5,5,0.01955600929542127,0.0028155355972626075,bi4-6
1747,4ee0e7c5edd2699435c2588d67dd5e9ea870f9a3,-23374.24609375,0,0,,,bi4-6
1748,455e6322cc030be150db804b783b2007828d5fb1,-23374.294921875,0,0,,,bi4-6
1749,d51324c23f12ea7e80505f34c80a48f68f3b2951,-23374.349609375,2,2,0.02620707856958788,0.0014529556762193352,bi4-6
1750,305c73b4641d5d2f09f7fa291529c40ed1c4d3fb,-23374.2890625,4,4,0.021741359017352503,0.0038528542140429177,bi4-6
1751,1ac18a19900648ac37a1f3a6356a3f1fb955ffc1,-23374.126953125,1,1,0.0,0.0,bi4-6
1752,b6f977713eaedc98544920fa34c70503b96cc0cf,-23374.349609375,4,4,0.022059079231796876,0.0010837685278966233,bi4-6
1753,f45386632bb4dc2d0748c94609ce885aef016f7c,-23374.31640625,2,2,0.026128537024751326,0.0018997997890567383,bi4-6
1754,1176030a2e25dcfc6c930090191103583246d4e6,-23374.365234375,5,5,0.01932294888608136,0.0024495496681670257,bi4-6
1755,b3e159d83a49d888ed20d73397aed65c72d1a4e1,-23374.166015625,2,2,0.026356842621323658,0.002467231488515459,bi4-6
1756,d6e1d518354619ebf2d435ca82a1b8dc8064725b,-23374.283203125,5,5,0.0195805003448194,0.0026404589971156943,bi4-6
1757,ff35f4e76e6c7f40ebe109621ec3a2440c645638,-23374.25,3,3,0.00536315275385686,0.0015861904533225383,bi4-6
1758,78caadfedfdd5c8fe489266c72d6d776dfb1ae5c,-23374.044921875,1,1,0.0,0.0,bi4-6
1759,720e069a475ed8494ae91be0f88df128a206e719,-23374.365234375,1,1,0.0,0.0,bi4-6
1760,eb8323b198fbf169775b6c3710bacd34bd7bc1ce,-23374.34375,1,1,0.0,0.0,bi4-6
1761,95e5b74869648184ce26e9e8c9c77b351f00ea11,-23373.974609375,2,2,0.028864923831940864,0.0038056221900989746,bi4-6
1762,1e5a6c517fc4d0a9a3d5a925e9cae5be5e8ce910,-23374.375,1,1,0.0,0.0,bi4-6
1763,2bca588f1249cdac0fc0a057dddb28975ae72760,-23374.306640625,5,5,0.01968582832208498,0.0012867155929867538,bi4-6
1764,b0b9fbb1033b0069c6115cc24a802781e0c35b16,-23374.2734375,5,5,0.020368819069745144,0.004764788870864013,bi4-6
1765,e1ec1d19a93dfb08892e4307be6e448d8c92b14f,-23374.279296875,5,5,0.020002915920928954,0.004625302428682541,bi4-6
1766,c67937f4d26247a70dfe641f5611658cf053f0de,-23374.1328125,2,2,0.026279479475000714,0.002182460209756255,bi4-6
1767,205f38031ffc4324c2dcf3022c8db91c160db0e0,-23374.38671875,2,2,0.03530671606560341,0.0022171687751284005,bi4-6
1768,8f21c8a423bfe33672f003a41971e21bae682c3c,-23374.33984375,1,1,0.0,0.0,bi4-6
1769,5b04ad689035b33cf64b9e99d5cb5411a4ee7f8c,-23374.376953125,1,1,0.0,0.0,bi4-6
1770,0845694d4d585ae9fbfef1e823524941dcb8e951,-23374.287109375,3,3,0.02346431871470744,0.0021159498503331036,bi4-6
1771,0bef2702715662db8a5e4181b727e2754ed8a240,-23374.357421875,2,2,0.026015880448590836,0.0015663332034367432,bi4-6
1772,376b7a1e3f6e0f83354109716815839fff4713b8,-23374.34375,4,4,0.020216159323298816,0.0016686292867097521,bi4-6
1773,663e39676ad86787a3b854427f9346d7999e6223,-23374.345703125,1,1,0.0,0.0,bi4-6
1774,d4bf2153f749378ea58340d3fdf2fa8740504d5f,-23374.314453125,3,3,0.02616572933888108,0.0027088174863548835,bi4-6
1775,36ac5dd57ea1e7899676ecbfdd97efef6d4c5ef3,-23374.337890625,3,3,0.0071590240512880475,0.0010717753151165594,bi4-6
1776,fde5ca2a8b414b4b8bbad2a53404f8d7f737c34b,-23374.232421875,3,3,0.024084633395972752,0.0020916835890434885,bi4-6
1777,ff761ece6fa8db63269bfb4e9afce89219f64add,-23374.275390625,2,2,0.002723779024033001,0.002592202329531199,bi4-6
1778,38e2b0738b34923282c7fccb9e53c9feb33d65d1,-23374.31640625,3,3,0.02566875439680113,0.002617364775204886,bi4-6
1779,eee0c4200f45cfe36244315a11d95e2654080534,-23374.287109375,1,1,0.0,0.0,bi4-6
1780,f5183e0992461ecbf1d13e3b48d7fcaf195c5526,-23374.322265625,4,4,0.020033255600759907,0.0017441630316224787,bi4-6
1781,e488bcb91ea63f912eb61366476ee3fd654ac3d4,-23374.22265625,0,0,,,bi4-6
1782,52755d705ae2899503fb7dbe2e88ad6c9614a898,-23374.265625,0,0,,,bi4-6
1783,5552d07690e5ee8e35c8e78b14053995f18f5941,-23374.326171875,1,1,0.0,0.0,bi4-6
1784,ad5a66afbf35638e6ecb494cf11406afc9d1fd27,-23374.24609375,5,5,0.019755150369969367,0.0043965314584541206,bi4-6
1785,3b5057b7a68131d664a81f3a5dd42c900702bea9,-23374.1640625,5,5,0.018208887621149465,0.009973374137854962,bi4-6
1786,1185cdc945f293d57d5d03d678ce998f27cf19fd,-23374.123046875,3,3,0.02213138095822774,0.013539214639402244,bi4-6
1787,92d3f7d682044f0906b4e811dde89f2809b659b9,-23374.07421875,5,5,0.0193660830824553,0.00413565422028606,bi4-6
1788,bcdc56d20c0d91baf24d79d7ba7005dfe115f75d,-23374.3359375,4,4,0.022149729565530494,0.0011250253331185672,bi4-6
1789,36a84b511f95bf6adba1ac9c29577c2f6b0d1a4f,-23374.380859375,4,4,0.021978559984420658,0.0012478851278424033,bi4-6
1790,dfd262f8d866b0876ff873cc4b6644c502f6af78,-23374.322265625,1,1,0.0,0.0,bi4-6
1791,6243d4450854d0a056d5e5d332382302415cc6ed,-23374.2421875,3,3,0.026467985898387496,0.0024131734242622354,bi4-6
1792,b540bfe413d41e17051060bedd8d130162702cde,-23374.326171875,3,3,0.006264589488663929,0.0020022463718688517,bi4-6
1793,045c446ae750da0691492c07498b3017d8b6ca6e,-23373.533203125,2,2,0.0042953953508495886,0.009876998586393253,bi4-6
1794,68e85c323b1b66934bb091c7b0a4f4e26f2cf6db,-23374.349609375,4,4,0.022761891523977038,0.0008043468843722213,bi4-6
1795,4cc5985d29f7643aeb2132a694564049aa95fdda,-23374.384765625,1,1,0.0,0.0,bi4-6
1796,c3386488cd0e62a187be66041ff309a1f4351eea,-23374.119140625,0,0,,,bi4-6
1797,6ed9a50ffdac87b05b0124fea3c37ee6770a560c,-23374.193359375,1,1,0.0,0.0,bi4-6
1798,b0ad57037dc4b77bbd471ad7d0fd86366572738e,-23374.296875,2,2,0.005017078340885246,0.0018398343621143342,bi4-6
1799,0b892e49f441e136c9bcf8f96e97cbba88373115,-23374.04296875,2,2,0.001575753704716295,0.0034134706190187694,bi4-6
1800,a61ae0c3c8a096b2c461776341980a1191ffd503,-23374.337890625,3,3,0.022210031695974398,0.0012227947054896135,bi4-6
1801,f7e34748d379e2b6b4571f1963222dbc5e79547c,-23374.23046875,2,2,0.007949924916213515,0.0029983468579958305,bi4-6
1802,752634e1df2ae6bc5ab93b167e1f272f71a63c34,-23374.208984375,4,4,0.01993361444925324,0.002098448890448091,bi4-6
1803,38026ad17d88431f1ba7f04f706b681274a747af,-23374.30078125,0,0,,,bi4-6
1804,ad65ae4add28c5c1b018e057f918f14328a913df,-23373.94921875,5,5,0.01847689171829929,0.017148043137932462,bi4-6
1805,cd3473d82a52a18da73cba8000f7d40cefc89108,-23374.375,2,2,0.00394824240699238,0.00206505911104007,bi4-6
1806,043c5416948de88472bf1b8524940c367e8898e4,-23374.21875,2,2,0.004470502916893517,0.0031610821230240757,bi4-6
1807,79aa69d5cb7c40848f9abaa50b757b49b862270f,-23374.130859375,3,3,0.006504363662821061,0.003976595755662965,bi4-6
1808,74afc04f0eb8c8ddb2cadaf64d226fefe5b50fea,-23374.23046875,3,3,0.027594332908045634,0.0021902329950914436,bi4-6
1809,edafe56c876d424c54a65e2d79c08e82a69129f5,-23374.322265625,3,3,0.006982024907887911,0.0011679928264825875,bi4-6
1810,661261df97ec1176f93fd0a2a7512f8ac92e21b3,-23374.314453125,3,3,0.005067724887180314,0.001520980026092321,bi4-6
1811,263c96d9789720ce2d503213ad57f3bf35fcd756,-23374.3125,1,1,0.0,0.0,bi4-6
1812,29bf15d240f9842cb0362c09fee4aa9897d472a8,-23374.31640625,5,5,0.020288224302019955,0.0038555528991949216,bi4-6
1813,e5c3f86844fce806ed35318092f6b57765e79c90,-23374.1796875,3,3,0.026044003750443204,0.006089235581219463,bi4-6
1814,9b11e703c738f995d5054a442cacd6692f306bfd,-23374.166015625,3,3,0.007053309726872558,0.001587481542644233,bi4-6
1815,99973904dc1e0058bbe1357efa92dc2dd2ac08c5,-23374.3203125,2,2,0.03011500285986412,0.0030190193372546382,bi4-6
1816,72a7b06c5688a5a0f48ad2732338ed9daf7a660c,-23374.02734375,1,1,0.0,0.0,bi4-6
1817,4add531f88b5997a77c30d8e64e7c93729f47cb9,-23374.32421875,1,1,0.0,0.0,bi4-6
1818,837cf31f0c2bf19362b9f9be858fbac73d1760f8,-23374.24609375,5,5,0.019637161431107664,0.0016138103578595536,bi4-6
1819,a9a0115cf2cbd14859708b2f7a49d05a380057cf,-23374.3203125,2,2,0.02821369003233642,0.0007770628102344071,bi4-6
1820,344b044bf30ae1d26984c9d3628cf1ee408eb548,-23374.146484375,5,5,0.019789494838040926,0.0026144676775447565,bi4-6
1821,412df87fcf65a2978d148b084e258e2fad4efdc3,-23374.2109375,1,1,0.0,0.0,bi4-6
1822,e8c22be72ce3deefcc1b154209889d38fbdaf2e1,-23374.224609375,5,5,0.01967810082233564,0.003137377558028673,bi4-6
1823,9785b30dd3d144cc9f57008874d14ef214681e98,-23374.095703125,3,3,0.026484719418884254,0.0028873906599797454,bi4-6
1824,5e93082900f706848c1cbf9a176604b2482fc129,-23374.302734375,3,3,0.0031969682491977155,0.0015373757612334696,bi4-6
1825,01a37e34d9171e4a4079b843c7befa1d9d6281ef,-23374.328125,2,2,0.028163863183752202,0.0016279247283898283,bi4-6
1826,ea1212988b0ede60287ca5502587e64f3c0cd09f,-23374.37890625,3,3,0.006378584581498572,0.0034322084079164814,bi4-6
1827,dbc79d3d038327f69b3a7911350be281199f6045,-23374.2109375,1,1,0.0,0.0,bi4-6
1828,9ee59b46811838e34ed4f09cb31d60d6c9afc325,-23374.302734375,4,4,0.005680255361585701,0.0019412707582529757,bi4-6
1829,7129c70dbb60f60f0c44d1338ecefffc81a6c534,-23374.234375,3,3,0.003291616709208771,0.0021067423746337225,bi4-6
1830,632ea293f8473e2b185270314bb6e85c4a9d9237,-23374.326171875,1,1,0.0,0.0,bi4-6
1831,53e2b770bb69985f1d77064cb64123ba8df31156,-23374.31640625,3,3,0.024009491034312734,0.001309717239963021,bi4-6
1832,3ad16bbcb1f552109bf46ea9d25ca85748afc932,-23374.29296875,3,3,0.02630764225679559,0.0017394788920768697,bi4-6
1833,384de201f2d8ce57d34e7dff288918daeaeef3c8,-23374.248046875,2,2,0.007572387410454447,0.001744697665851523,bi4-6
1834,d680f83ab423df7f0bb1b4780230a581ace2631a,-23373.576171875,4,4,0.021584387284376613,0.009448542598018476,bi4-6
1835,7ea85372b46b17db231a22ad473541e70a6a3bc8,-23374.3515625,1,1,0.0,0.0,bi4-6
1836,038c62917b9a4942c11c5db00f49aeff2bd01b82,-23374.2734375,2,2,0.036011175333375806,0.005694187865461858,bi4-6
1837,ef4bacea40b3fd79f07636cb757b73a95b3f60cd,-23374.22265625,2,2,0.0018452635282268457,0.0029459098810540323,bi4-6
1838,adb3fcfb3dfa65880fff624acb82b8e3ccd7eb9a,-23374.36328125,1,1,0.0,0.0,bi4-6
1839,a4b15d601a2134b4d32c30920afd8d854be32060,-23374.2265625,3,3,0.0048009030315165685,0.004627150569915194,bi4-6
1840,b175966a8772640885516f568335c0e046188406,-23374.07421875,1,1,0.0,0.0,bi4-6
1841,764084653d66204cad33b6ed1285fb3e84b72b3f,-23374.251953125,2,2,0.026758894719070964,0.004934675753587424,bi4-6
1842,5a75d377c3bf67365081b0421bbae37288ce8888,-23374.2421875,2,2,0.005386545013267699,0.0034191323205749156,bi4-6
1843,d90815e0647735f46b2d3e3874f7874c6396da81,-23374.296875,2,2,0.001999586125372021,0.0007990179586671928,bi4-6
1844,bd9cd6e7dfd7a1fc020ec955d72d829ffaa7f780,-23374.123046875,3,3,0.006596666687299668,0.005041580040332175,bi4-6
1845,9d4e7ce980efd1da5751071e2410b87cf6b91d05,-23373.58984375,2,2,0.037692831741269965,0.02575728829485713,bi4-6
1846,9d88bfb5ebfabef3f2633a821f2c27c7d00dd31b,-23374.26171875,1,1,0.0,0.0,bi4-6
1847,18b86c487d28c81ec49befa520828bab5fab3d2d,-23374.080078125,3,3,0.026935517215358612,0.005014893823846292,bi4-6
1848,517c1690c6fabedc44477758b99e4643f8badefb,-23374.322265625,5,5,0.019598041769758934,0.0022854057662591437,bi4-6
1849,7d4ce6483d057bde38e1d646743693e28be188f3,-23374.359375,3,3,0.005278724959359492,0.000753323461996879,bi4-6
1850,8bef96fb19473f1dbab3e8cbd31961cdb30a886f,-23374.349609375,3,3,0.024206336976286165,0.0012349120939416905,bi4-6
1851,72d8ae5480b97c42540a1ff666e35c4d38c53d59,-23374.25390625,4,4,0.022097702578681596,0.0017773191962157304,bi4-6
1852,e4b6f09ca90385d7cfdb9b8b012b5d7078650e0d,-23374.3359375,0,0,,,bi4-6
1853,2d5da888994869353a6b6cb816d69b2b7aa63945,-23374.19140625,2,2,0.0361975862062311,0.0029596810925362764,bi4-6
1854,c972096b8cf22823e94234c70b5d5918547ec3ff,-23374.30078125,3,3,0.006661510372689721,0.0018765191096663683,bi4-6
1855,dacd7792b832d0e3120fc9f45f5eeae2642514eb,-23374.3125,3,3,0.002474561401469173,0.004028460220074646,bi4-6
1856,5521a3bea32f3bc6caa8c3171bc871d6db5e4886,-23374.251953125,1,1,0.0,0.0,bi4-6
1857,2c45995a81f2bb547f821626395cbb54c5bd1cb9,-23374.34375,3,3,0.02428474377129807,0.0008564904613222537,bi4-6
1858,d725052a00c7cad99423b9e72ff2dbfe98e4e62b,-23374.34375,5,5,0.019789220038444636,0.0011090221547909527,bi4-6
1859,4418ddc12c05e4babcf70e448d9ed9efa52c2afa,-23374.322265625,3,3,0.021363524253632134,0.00838594126726117,bi4-6
1860,06c02bd44b3497cfb55bd89f022e12fe4cf10707,-23374.138671875,3,3,0.024737078235009455,0.007646671610777749,bi4-6
1861,4f1614fc1a78291af4505125738b846687905d1d,-23374.2734375,5,5,0.01906454114459673,0.006697312532334919,bi4-6
1862,a3844bcc6470a52c43e936179f923535252c8c82,-23374.337890625,3,3,0.005354079625226004,0.0009261486875046458,bi4-6
1863,0859464cef19b13d6fefcdd83082f5d5adb7e7a6,-23374.20703125,2,2,0.009381539467942856,0.0018106460647572447,bi4-6
1864,2b9c0f45b25dcf3576e6dcbce9da515bdfbbd34a,-23374.240234375,3,3,0.02266069942851992,0.002764212498883065,bi4-6
1865,8b4f98359a56b583a580c46dd518d0b6363cc558,-23374.3046875,5,5,0.019624625746002038,0.0021756886966244394,bi4-6
1866,1fe8e7f7ded2606a955299e6d780dfbf10d95168,-23374.22265625,2,2,0.002162801686973479,0.002718141129322324,bi4-6
1867,7d51311740a45c2ac621c1081b006eb5201dc7fe,-23374.259765625,2,2,0.009386642922918456,0.0010523921360492058,bi4-6
1868,03d608076f2a6fd2bf5d1c2e2e76c8e19028fc6c,-23374.32421875,3,3,0.026219851067672266,0.0010941763487217287,bi4-6
1869,31a97540c8a31a6c17d338482211a1af703d2407,-23374.111328125,1,1,0.0,0.0,bi4-6
1870,d10aaf27bb85049e18cebc175868493d72328e34,-23374.2734375,5,5,0.019955379208047165,0.004863914524349774,bi4-6
1871,4d4e5d1d8034430eb60bb4534797b2eb47e5f28c,-23374.31640625,1,1,0.0,0.0,bi4-6
1872,dfb561338c18faaed47d2fbb6ffab3f8b357326d,-23374.294921875,1,1,0.0,0.0,bi4-6
1873,f9612156e6cbcc1a1d6c333469e3837975eb9e19,-23374.185546875,2,2,0.0019068383940982786,0.004479281769549619,bi4-6
1874,53dd3c48dca9a9e6e82f82776da3e55998c371a5,-23374.111328125,2,2,0.03723237301212717,0.008893674721319262,bi4-6
1875,68c6eaaad6d4eb689827864a7db2d2bacc45671e,-23374.13671875,4,4,0.022967158476589103,0.002633830166645965,bi4-6
1876,dad133235a4c78027a8ac5ee2811188676ea4a7f,-23374.185546875,2,2,0.007973137130967202,0.003871092938093312,bi4-6
1877,249d94ba18301364a698042e16e5cd5be71a3339,-23374.32421875,3,3,0.006875902958599418,0.0013706743428120902,bi4-6
1878,0996f76a93c7ded82eec22ddc866e672da6925b5,-23374.25,3,3,0.023453061688283747,0.002516138236321348,bi4-6
1879,d0b5c2106aeda47854ce99bfd5a2fbaa8309fd13,-23374.248046875,5,5,0.019317267705764942,0.005737077681305723,bi4-6
1880,9f2bffa6402ea3e6c7ac6ea72a601b87d36bd227,-23374.263671875,2,2,0.03578638252125151,0.0032412672710367954,bi4-6
1881,7145754ebf1ceaba5f64268c63e52484ad62a670,-23374.31640625,1,1,0.0,0.0,bi4-6
1882,55131e17e701ecc1148a8542060a4844fa98cccb,-23374.287109375,1,1,0.0,0.0,bi4-6
1883,4ad9b46f6c376a1377e9da927b5f9e5ea1aa4da3,-23374.2734375,2,2,0.02603354631660779,0.0024420840891459126,bi4-6
1884,25b71d916cec9a26bdd6bcf0472437e433d16dfb,-23374.33984375,5,5,0.01974411223594783,0.0011008355853714962,bi4-6
1885,1d49d329381161ad287c4624c7c2ee6f9e2fcb92,-23374.287109375,3,3,0.026264003007278113,0.002094595209249397,bi4-6
1886,d961c9dd95da18fd9bf281ea3aa86f2d822c9ac6,-23374.322265625,4,4,0.022168101579400464,0.003203739577363359,bi4-6
1887,1d01899ee402b0267812dc2e206c9cbd3200bfd4,-23374.306640625,1,1,0.0,0.0,bi4-6
1888,0d3120bb7412ac9a24ea087476fb8f198a1ec783,-23374.365234375,0,0,,,bi4-6
1889,a81fb8df9e0694ba00361ba52c7bd923ae4cbe27,-23374.23046875,1,1,0.0,0.0,bi4-6
1890,a060cc31bd63b88b52f68c7136d4a1cabdf79f84,-23373.908203125,5,5,0.02050181684541255,0.00814112486279554,bi4-6
1891,b91abedd0c15c668cdafe6f1fd34dc45e7aa1c23,-23374.314453125,3,3,0.025961047110710293,0.0027267886170585596,bi4-6
1892,e033147519c7eb8f03b4bfffe602e5981739f4d4,-23374.2109375,3,3,0.006976115034068736,0.0014017133164612276,bi4-6
1893,08ac08201c618e030d08bd9275ee96af8dc848d2,-23374.19140625,1,1,0.0,0.0,bi4-6
1894,a00d273063d4045bbf2bcda53a6656c24c847925,-23374.0859375,4,4,0.022327297537684008,0.003432491367307668,bi4-6
1895,8f5317f86868bfe1697c75184c0d57521b1f2fef,-23374.2890625,2,2,0.004890881711492026,0.002101697564472488,bi4-6
1896,b0ef06b4b11f59360b1e3ab24a669fd4eadb2ee8,-23374.291015625,3,3,0.026579056731899246,0.005297021766536139,bi4-6
1897,12402ecf241fc80495ce2e6df4b5994101effc8b,-23374.3203125,3,3,0.027155270960640028,0.001460395298302195,bi4-6
1898,04285d949527d866d80a0c4c06126311fa251507,-23374.279296875,2,2,0.009485220743576491,0.002297901908788628,bi4-6
1899,9da1b010c4567c4e0c357d8a398fc2ce9e711a9c,-23374.21875,1,1,0.0,0.0,bi4-6
1900,c3b1d82b7daf9b84294f566a550515a14731ee26,-23374.296875,2,2,0.026655059009605332,0.003005004294878393,bi4-6
1901,860d63b3839732faae7faacbca5422ad3c45d9f9,-23374.185546875,1,1,0.0,0.0,bi4-6
1902,653118bbe83313fb401a14d37237e773b84f8b6a,-23374.2734375,3,3,0.024247908868309267,0.001584325749510225,bi4-6
1903,2baab3cb08d3ebffb315f64ab40becf92ee24d98,-23374.154296875,1,1,0.0,0.0,bi4-6
1904,e5e355faba1a386d6655768f82c4f19c20247e82,-23374.240234375,3,3,0.02625590496204787,0.0014320524687251278,bi4-6
1905,d89b7e9366995fe963ae1ee079e12aac56bf66da,-23374.34375,4,4,0.02032260083755567,0.002301647563931976,bi4-6
1906,2503333cc36e48f87e6c1c5f116ee873c06cd2c4,-23374.27734375,4,4,0.022285054596331007,0.0016200673442817763,bi4-6
1907,86db0ee83e939bd31a02f3cae1a86fb4cb87a0c6,-23374.357421875,1,1,0.0,0.0,bi4-6
1908,8212db34b91cf87da5bbb6fdb69aae5f2c56213f,-23374.30859375,1,1,0.0,0.0,bi4-6
1909,9c33c9858a102525ca40d370b9f03ed0cedd699a,-23374.171875,3,3,0.00709984343102805,0.00343376816278644,bi4-6
1910,be034982bcb9713788c80f6de752fe0822689252,-23374.353515625,2,2,0.035718955679680656,0.0037307518236588022,bi4-6
1911,1b2098c156f78efcd4b9c2b951cc9d98b56bfdd5,-23374.259765625,1,1,0.0,0.0,bi4-6
1912,0856434380406159c14c24c17fcf73bba9a2794a,-23374.291015625,5,5,0.01959316382462636,0.0018716058759681079,bi4-6
1913,b96268d0318f82ecf00bbf52dcc7093463cfbffe,-23374.146484375,2,2,0.004790663780591981,0.003459166241371179,bi4-6
1914,dd08cdd230ffcf00be6f977a094b9b14a9bbc981,-23374.337890625,2,2,0.027775411254575933,0.0027914467638465805,bi4-6
1915,73e9b244930a46887ebfc1a0b0d8d7d366a9a6de,-23374.025390625,2,2,0.02897754383572921,0.006785036003815108,bi4-6
1916,3c5cdc52dbf541d01ed879980046eb2161b260f9,-23374.22265625,1,1,0.0,0.0,bi4-6
1917,47a0ee25aab32194535e407ea72b11feb3d9d6a6,-23374.326171875,4,4,0.022055375046593325,0.0010841339309737052,bi4-6
1918,e46e1148d50c814c297dfab801d5568f0e0d2ebf,-23374.2578125,5,5,0.019900358516949258,0.0021117392323807605,bi4-6
1919,c04afeb05f6a6c3738da493b160f08eb02c19f76,-23374.216796875,2,2,0.004383164436766632,0.002315603258561875,bi4-6
1920,349a47d1141c30f68f2efd200a48e3baf36890ca,-23374.12890625,1,1,0.0,0.0,bi4-6
1921,de28753a596b891aef618e66efb78dfbf8dec1f6,-23374.361328125,3,3,0.02645688952489116,0.0012719365199278863,bi4-6
1922,d825aeae4ec77ed459ccb6f5a0103d10042cf408,-23374.2265625,1,1,0.0,0.0,bi4-6
1923,a874c7bb1fbf9231b674449ca71f4206f135cde0,-23374.234375,5,5,0.019757888593787968,0.004278877577579829,bi4-6
1924,64eab5caee97dcc9525bc37471dc710c37a8fccf,-23374.29296875,1,1,0.0,0.0,bi4-6
1925,c104c060bfc2ef67a6195c6dd71a0824804f9ba4,-23374.3671875,2,2,0.004267514364227042,0.0014766742064330777,bi4-6
1926,bad57cf64a84bc4092918c45f4442eb4392d4f34,-23374.291015625,1,1,0.0,0.0,bi4-6
1927,0476a0c2385a5feca7155ac45e63135863ec2e46,-23374.259765625,0,0,,,bi4-6
1928,985072cc5e89a869ea46cc07156ccacdff3da968,-23374.2734375,5,5,0.019452046735113464,0.004140221959762148,bi4-6
1929,6476a7cc0a478d8c9d99b0b22eb53dd70369cd8e,-23374.34765625,4,4,0.005598432910858939,0.001366060305823666,bi4-6
1930,09e2f925639334851291fa289f48f6d68b41a538,-23374.197265625,3,3,0.027061800189377136,0.0023463723461814973,bi4-6
1931,7eedb6bc7a731a1e2fe2392560fd6038ec3eb0f7,-23373.591796875,3,3,0.025258247663087603,0.006367530847759168,bi4-6
1932,2fb4da7ae94256be81190d960e06ce02bbc03a87,-23374.353515625,2,2,0.0047363469421106245,0.0011568583035652716,bi4-6
1933,8e34ca8ca3f025ba1031b3779c255d8dd77a0b84,-23374.328125,2,2,0.0051788795443889575,0.0032418369302779594,bi4-6
1934,035e54aa6ddb41944f3a8f8efd54fac7770cf4a8,-23374.24609375,5,5,0.02037610576840955,0.004078250500402185,bi4-6
1935,32d07fce70065af41591a75772bbbf3d2aaeb130,-23374.345703125,2,2,0.0044486093783509565,0.0014009750359206589,bi4-6
1936,19e761c005fcd6c4069909e1b4653940581fc9e6,-23374.3515625,2,2,0.02835695510125588,0.0007243339275187216,bi4-6
1937,2df2c827eb6b4e334826142800bc92f4dd168594,-23374.259765625,2,2,0.007227586087876213,0.0006060950163881888,bi4-6
1938,62c1896fcd096bb8a1de605992e57bea983b2240,-23374.29296875,2,2,0.0262989221089624,0.004571679145594004,bi4-6
1939,da476c1b135d4e60b5a314a4e0eec397d032f768,-23374.3203125,3,3,0.007108856644675012,0.00213015060812145,bi4-6
1940,d3e4e2fdb34c6d5ae3305f0c7661b2c5803e9d96,-23374.296875,2,2,0.007097189241031564,0.0018530940044941056,bi4-6
1941,d55cbc19a8b7e74afe975b6c39e68523dd07d726,-23374.326171875,2,2,0.005168007316696614,0.0014253510194350654,bi4-6
1942,b66cc002a454f05425cff7630f6ecf78b885867c,-23374.333984375,5,5,0.019676780478853708,0.001561224570639278,bi4-6
1943,b1aef96abfb79622464013fc23d6683500de4232,-23374.3125,3,3,0.022116837113963676,0.0017352738092976097,bi4-6
1944,cd60c4735c9c354608746311d11c9a2b84c73389,-23374.283203125,3,3,0.026565320661367495,0.0014049115907063111,bi4-6
1945,5ee937bbdbc89ea6711620d881dc6e6cb83b7252,-23374.3203125,1,1,0.0,0.0,bi4-6
1946,963cf06a73c6794192bca83e97792816fdb77184,-23374.21875,4,4,0.022523787990735,0.002221861958225079,bi4-6
1947,c1c24cbcde0b7ae945f0aad808928fb3dfafa96e,-23374.3203125,1,1,0.0,0.0,bi4-6
1948,851680a4bfaa04162efb495319595e8cba4ac511,-23374.3359375,2,2,0.0025061051063368354,0.0010281580360979611,bi4-6
1949,e17d3d076d8182c460465ee18418dc6f6e27ad1e,-23374.048828125,2,2,0.0076819469726985504,0.003660764878300159,bi4-6
1950,7d97109ccbdd40c5ea966ddbd3b91181aa07f780,-23374.23828125,2,2,0.00518116573052477,0.0018941847485853258,bi4-6
1951,8084ef9b213cd0481c73756158613344e5836161,-23374.28515625,2,2,0.03564756840546002,0.002287731755111558,bi4-6
1952,5ccebd4f6334b0f21d3bf9d8d767b6d41ab0cd23,-23374.259765625,2,2,0.02838132029882107,0.0029055710750575687,bi4-6
1953,8066bcefa282b03abb8db03645bc10d5809d47c6,-23374.20703125,1,1,0.0,0.0,bi4-6
1954,21239f0eca70d084eec13fb6463a24f1199403bf,-23374.16015625,2,2,0.0077498789847904575,0.0030426489977866205,bi4-6
1955,ef47bf06fd0ae503fe34ba00da8a4c2129078c76,-23373.97265625,3,3,0.0052520726149421024,0.004069210033632384,bi4-6
1956,6d1e71ad9b68c9d0774b2095c5f54c06977b1c47,-23374.12109375,2,2,0.030230190055360224,0.003578683833619761,bi4-6
1957,6b167b6d38af6793060da47e9bacb86ca0cc2424,-23374.28125,5,5,0.019951748159027793,0.0023735243071607154,bi4-6
1958,f65002d3ca99d1aed57fee17f65de4dc03362e15,-23374.19921875,3,3,0.027229475885077344,0.003459078725523809,bi4-6
1959,bb96d36ccd7687dbda6133e707c8fbc09f5a85db,-23374.236328125,3,3,0.005324951190850338,0.013410666940875287,bi4-6
1960,d812ab80cd746a0edea794eb20a1c4beccce1966,-23374.345703125,1,1,0.0,0.0,bi4-6
1961,d6c74ef1b28b552fea853a05dba28ed3e291f4cb,-23374.3203125,3,3,0.006941296366573131,0.001021287252948672,bi4-6
1962,a5f4f8ef7fb90a4b34e6050aeb9fe7fe8704f540,-23374.2265625,1,1,0.0,0.0,bi4-6
1963,d8d2f0494c1b4fc1fb1c509d7b9bf59f5b8e3604,-23374.353515625,2,2,0.002007684648487244,0.0018418078883837544,bi4-6
1964,fe173c2467a2688957a1223b7260cb020f709b2d,-23374.330078125,3,3,0.005397170572190811,0.00127416232065251,bi4-6
1965,caf02ece6ce1a5893da38afc564be2f02b0606a0,-23373.865234375,2,2,0.030843232399694602,0.002524831189956317,bi4-6
1966,f5411ea60b408e33e9ff49d0fb9178b7b7f81a6c,-23374.35546875,5,5,0.019711575750282175,0.0017368509446071404,bi4-6
1967,e109c94a36d6b4855e91b9512a97bc4c3dd6d90d,-23374.0,3,3,0.005781259339811717,0.0039014674003556697,bi4-6
1968,e3b86f25bda43ae8987bf4e7ec7042b888b615c8,-23374.109375,4,4,0.022616782587125787,0.004316472474959239,bi4-6
1969,920cffaca40d25adfe0d354493cb4e333e898106,-23374.3203125,5,5,0.02004257970793298,0.0030025919822781228,bi4-6
1970,013e11410e8526110c882ba04e0a843dbba416ef,-23374.21484375,4,4,0.022489363374176025,0.00446175430705005,bi4-6
1971,76ddaceff0503aabe9a736c74e4ba7f0fac11d4d,-23374.294921875,3,3,0.024200437437555428,0.005690361761840422,bi4-6
1972,90fdbce42d27e9fc87ae3d7af7bc707a67488b5a,-23374.189453125,5,5,0.01997218088082451,0.002751157756141416,bi4-6
1973,3b3be303b8cb120c300d949535304c0161b05541,-23374.296875,5,5,0.019082221637597836,0.00534207430680284,bi4-6
1974,c99d41a05ae33afa3b0c07f29417a98d42c98410,-23374.357421875,2,2,0.007051007104454337,0.0025421884266057996,bi4-6
1975,3dae953673ef0a1e4900a2766db45e7da462395c,-23374.328125,5,5,0.019664241962632157,0.0009628526319089579,bi4-6
1976,61f8d7363977c5c6d3fdfb50a5cd3bd0aa75f6b8,-23374.341796875,5,5,0.019967112539579758,0.0019864199901544095,bi4-6
1977,c17ab7ae8c386d22cb9fea50bb92545e8fc8c874,-23374.078125,2,2,0.03231187313019421,0.006328350580338212,bi4-6
1978,42f1f6acf252102e2e36b6975f56cb4d9688f0b3,-23374.33984375,3,3,0.023219547884843792,0.004263747646902004,bi4-6
1979,607122eddb91f0165a83061a9ee2535bad0e397e,-23374.263671875,2,2,0.002055622454432995,0.0010640001002555643,bi4-6
1980,919d815360aee661837a81597bdd1412575de845,-23374.10546875,3,3,0.003069928088971498,0.005890474431917434,bi4-6
1981,583edfd398d2ed77d4d81172afbee804dd7991cb,-23374.23828125,3,3,0.026660347285501484,0.003594990903940361,bi4-6
1982,72ef97ac8afb0eead44b78bc5fc7c4ac64c21fde,-23374.216796875,3,3,0.021888265849813876,0.004341201305961949,bi4-6
1983,48fdb95db00d4c7542962813f89f7face439f4a3,-23374.23828125,1,1,0.0,0.0,bi4-6
1984,b846121e4fd6ec47b12ebd940e2e456e76eabfc8,-23374.337890625,2,2,0.005246237357118693,0.0011409373091629902,bi4-6
1985,0d4863728f2120ea30f4d79c6003c8f7cf402b4e,-23373.984375,1,1,0.0,0.0,bi4-6
1986,018bfc208dd9c3c75b8d889400bc512f6e5f5acd,-23374.2578125,2,2,0.002622120478145394,0.002625923895967905,bi4-6
1987,1646adde4296f35c2808f7057f9650bf56e5d93a,-23374.35546875,3,3,0.02707701355978841,0.0027351506013173826,bi4-6
1988,1c0545484db8259331305140416e7253a26ce2d3,-23374.072265625,2,2,0.0052727304586182265,0.003476711039719399,bi4-6
1989,9ec4204fc9edee72afd1f6a1ab70467397c96f14,-23374.36328125,2,2,0.004148734039280489,0.001517001984709918,bi4-6
1990,047638c2e161ce74d237bbb2aafdd238545a457a,-23374.275390625,3,3,0.007482993917828301,0.00522803938383865,bi4-6
1991,7c52f52698091c680c9c0d117b9f5eb26b482b7b,-23374.302734375,2,2,0.03151492377639707,0.004958702608559829,bi4-6
1992,7e1a8634cb1a8d9e2b5ec3fcecbfc806a18e97d3,-23374.26953125,2,2,0.026318344466956075,0.0010401992482659056,bi4-6
1993,f7c54ef02869ec8c15ebdc7aba679f26edad20d9,-23374.248046875,3,3,0.027461553099806073,0.0022858682148971135,bi4-6
1994,fe4c0445a60a951bbd7d3128252c333df8a44068,-23374.234375,2,2,0.009042875847062449,0.0014130032980457473,bi4-6
1995,d54f5d21b2fd716db9e9c1d3a263cccc14590d63,-23374.35546875,3,3,0.023986140958180833,0.0013212653148469864,bi4-6
1996,6a5c466d7e2d8a4a166be46b75bd68b051922927,-23374.068359375,2,2,0.036572795412447553,0.007592037762080591,bi4-6
1997,4a00b1f48b77b2fd8271504ecb4c2f8a6d71eb17,-23374.31640625,3,3,0.007121818199308586,0.003322995541446762,bi4-6
1998,946ad6863f711bdf5c0c929d73286aab757b195a,-23374.3125,2,2,0.0073034572681746086,0.0011078246709136292,bi4-6
1999,95b8a3978ddc357b993bec7371bb4ca42ff91079,-23374.216796875,2,2,0.009031973951425533,0.0017413161585351285,bi4-6
